886,2023-03-20 19:33:46.000000,2020-03-20 19:33:46.000000,848.73,532,4
891,2020-09-25 13:23:39.000000,2019-09-25 13:23:39.000000,4711.63,663,3
903,2023-05-14 04:11:32.000000,2021-05-14 04:11:32.000000,1005.66,674,3
908,2021-01-25 22:58:50.000000,2020-01-25 22:58:50.000000,9320.64,365,1
911,2021-10-10 01:02:38.000000,2019-10-10 01:02:38.000000,7079.74,20,4
917,2020-11-15 06:24:01.000000,2019-11-15 06:24:01.000000,6092.13,762,4
918,2022-06-02 17:13:21.000000,2020-06-02 17:13:21.000000,2890.18,736,1
920,2022-02-02 08:50:27.000000,2020-02-02 08:50:27.000000,5642.26,792,3
922,2023-01-31 11:14:24.000000,2020-01-31 11:14:24.000000,4397.84,85,3
923,2022-08-15 00:47:53.000000,2019-08-15 00:47:53.000000,6231.55,250,4
925,2021-11-09 22:04:42.000000,2019-11-09 22:04:42.000000,3071.52,388,1
931,2024-11-15 01:41:21.000000,2021-11-15 01:41:21.000000,3991.47,464,3
933,2020-09-02 18:00:50.000000,2019-09-02 18:00:50.000000,5469.61,31,1
934,2020-12-26 18:11:49.000000,2019-12-26 18:11:49.000000,4233.64,379,2
935,2021-06-09 11:43:07.000000,2020-06-09 11:43:07.000000,4463.82,46,1
936,2022-04-17 23:09:17.000000,2020-04-17 23:09:17.000000,4047.63,811,1
937,2021-01-05 01:02:17.000000,2020-01-05 01:02:17.000000,9612.88,889,4
939,2023-05-24 22:52:05.000000,2020-05-24 22:52:05.000000,6208.41,318,1
942,2021-02-05 03:56:40.000000,2020-02-05 03:56:40.000000,7723.69,78,1
948,2024-06-05 20:10:33.000000,2022-06-05 20:10:33.000000,3713.79,59,4
949,2023-07-27 20:08:43.000000,2021-07-27 20:08:43.000000,5078.24,994,1
965,2022-12-27 14:29:28.000000,2019-12-27 14:29:28.000000,4332.24,709,3
967,2023-02-20 09:04:59.000000,2021-02-20 09:04:59.000000,6532.86,285,2
968,2023-08-09 23:27:27.000000,2020-08-09 23:27:27.000000,4229.82,983,2
986,2023-03-25 23:21:41.000000,2021-03-25 23:21:41.000000,8673.05,810,3
987,2021-09-03 08:16:46.000000,2020-09-03 08:16:46.000000,2560.04,878,2
989,2023-10-02 02:58:31.000000,2020-10-02 02:58:31.000000,4904.14,862,2
992,2022-09-27 20:12:33.000000,2021-09-27 20:12:33.000000,472.36,814,3
993,2022-11-27 18:40:34.000000,2021-11-27 18:40:34.000000,5872.61,349,4
997,2021-10-18 03:12:32.000000,2020-10-18 03:12:32.000000,4403.57,321,4
42,2023-05-17 11:29:11.000000,2020-05-17 11:29:11.000000,4117.46,556,3
45,2023-01-14 13:29:41.000000,2020-01-14 13:29:41.000000,5417.50,377,4
46,2022-08-23 17:41:31.000000,2019-08-23 17:41:31.000000,2607.21,856,3
48,2023-04-02 21:02:43.000000,2020-04-02 21:02:43.000000,6409.14,875,4
49,2020-08-28 00:54:36.000000,2019-08-28 00:54:36.000000,1663.15,613,3
55,2022-12-05 06:05:57.000000,2020-12-05 06:05:57.000000,7448.74,940,1
56,2022-08-09 03:04:47.000000,2020-08-09 03:04:47.000000,9093.70,963,1
58,2021-04-20 10:50:46.000000,2020-04-20 10:50:46.000000,2939.15,108,1
59,2020-10-01 06:57:36.000000,2019-10-01 06:57:36.000000,2763.65,967,2
62,2022-11-18 12:41:27.000000,2019-11-18 12:41:27.000000,1539.63,578,2
74,2020-12-13 21:59:52.000000,2019-12-13 21:59:52.000000,6509.93,284,2
75,2020-10-24 11:13:42.000000,2019-10-24 11:13:42.000000,6373.51,372,2
77,2022-07-14 08:15:32.000000,2020-07-14 08:15:32.000000,1990.44,497,4
82,2022-07-18 22:24:47.000000,2021-07-18 22:24:47.000000,4364.21,327,3
83,2023-01-17 14:28:35.000000,2022-01-17 14:28:35.000000,5008.60,448,4
87,2022-08-07 16:53:35.000000,2019-08-07 16:53:35.000000,4222.39,128,2
89,2020-08-19 07:29:10.000000,2019-08-19 07:29:10.000000,3704.24,944,1
92,2022-09-20 06:16:53.000000,2020-09-20 06:16:53.000000,8997.01,511,1
101,2023-12-13 17:41:43.000000,2020-12-13 17:41:43.000000,6067.71,426,4
104,2023-07-08 15:04:21.000000,2021-07-08 15:04:21.000000,4528.31,128,4
105,2022-11-29 05:51:10.000000,2020-11-29 05:51:10.000000,4648.83,618,2
106,2021-06-17 03:25:19.000000,2020-06-17 03:25:19.000000,1200.48,536,3
109,2023-03-06 23:44:23.000000,2020-03-06 23:44:23.000000,8738.34,731,1
114,2022-08-12 04:40:30.000000,2020-08-12 04:40:30.000000,889.57,628,2
118,2021-11-18 04:30:19.000000,2019-11-18 04:30:19.000000,741.05,995,3
119,2023-04-10 19:59:57.000000,2021-04-10 19:59:57.000000,9771.76,943,1
120,2021-10-13 13:55:35.000000,2020-10-13 13:55:35.000000,167.10,911,2
123,2022-12-29 10:31:18.000000,2019-12-29 10:31:18.000000,7951.81,611,3
125,2021-12-08 08:08:09.000000,2019-12-08 08:08:09.000000,1078.57,753,1
126,2023-08-04 07:01:44.000000,2021-08-04 07:01:44.000000,8995.10,88,3
127,2023-06-30 04:10:25.000000,2021-06-30 04:10:25.000000,8715.15,688,1
132,2020-10-10 03:19:45.000000,2019-10-10 03:19:45.000000,6962.43,591,1
133,2023-01-18 02:52:28.000000,2020-01-18 02:52:28.000000,9928.13,985,2
134,2021-12-02 21:20:27.000000,2019-12-02 21:20:27.000000,3819.98,547,4
136,2024-02-01 04:11:06.000000,2022-02-01 04:11:06.000000,2260.17,13,1
143,2023-10-22 19:32:14.000000,2020-10-22 19:32:14.000000,4723.11,306,1
145,2021-10-08 14:20:59.000000,2019-10-08 14:20:59.000000,3833.04,13,4
146,2020-10-07 23:56:38.000000,2019-10-07 23:56:38.000000,2126.52,551,3
157,2023-10-05 08:11:06.000000,2021-10-05 08:11:06.000000,9336.79,474,2
159,2022-05-10 05:20:00.000000,2020-05-10 05:20:00.000000,8240.41,115,2
160,2021-12-28 21:54:46.000000,2019-12-28 21:54:46.000000,7917.07,408,3
165,2024-03-19 04:16:20.000000,2021-03-19 04:16:20.000000,9612.88,573,2
190,2022-01-12 22:33:12.000000,2021-01-12 22:33:12.000000,5066.84,482,2
191,2021-09-04 09:16:43.000000,2020-09-04 09:16:43.000000,6332.04,649,4
195,2021-09-05 16:26:44.000000,2020-09-05 16:26:44.000000,5194.13,543,3
197,2020-12-23 18:34:48.000000,2019-12-23 18:34:48.000000,276.60,176,3
203,2023-08-25 02:14:27.000000,2020-08-25 02:14:27.000000,275.81,885,1
208,2022-09-08 10:14:29.000000,2020-09-08 10:14:29.000000,8783.21,275,3
210,2022-08-29 12:35:50.000000,2019-08-29 12:35:50.000000,9149.84,173,2
211,2023-07-10 19:44:48.000000,2020-07-10 19:44:48.000000,4908.80,950,3
217,2022-01-01 13:52:00.000000,2020-01-01 13:52:00.000000,8975.54,165,2
227,2023-09-20 07:31:20.000000,2020-09-20 07:31:20.000000,8230.76,212,3
228,2024-07-31 09:30:57.000000,2021-07-31 09:30:57.000000,6033.55,395,4
233,2023-09-11 21:47:37.000000,2020-09-11 21:47:37.000000,2890.12,469,3
236,2022-09-06 07:08:08.000000,2021-09-06 07:08:08.000000,4981.34,936,1
239,2020-11-20 01:21:19.000000,2019-11-20 01:21:19.000000,3807.48,594,3
240,2023-04-16 00:32:44.000000,2021-04-16 00:32:44.000000,2152.91,545,2
247,2023-12-25 14:25:11.000000,2021-12-25 14:25:11.000000,7266.30,961,3
248,2022-02-04 01:37:00.000000,2021-02-04 01:37:00.000000,1699.66,885,1
252,2021-08-18 09:53:17.000000,2019-08-18 09:53:17.000000,3452.40,269,4
253,2023-12-26 16:12:41.000000,2020-12-26 16:12:41.000000,9445.35,87,2
258,2024-06-24 00:05:38.000000,2021-06-24 00:05:38.000000,1819.00,443,2
261,2022-04-09 23:10:25.000000,2021-04-09 23:10:25.000000,4881.62,323,1
269,2022-09-08 15:46:22.000000,2020-09-08 15:46:22.000000,4024.35,831,1
275,2022-03-14 09:54:58.000000,2020-03-14 09:54:58.000000,208.43,139,3
280,2022-10-28 14:59:14.000000,2020-10-28 14:59:14.000000,6525.40,768,4
286,2020-12-22 23:22:25.000000,2019-12-22 23:22:25.000000,2130.63,326,4
288,2023-02-28 02:37:58.000000,2020-02-29 02:37:58.000000,2702.27,635,2
289,2020-11-04 23:16:00.000000,2019-11-04 23:16:00.000000,4843.63,336,2
294,2022-10-26 16:56:56.000000,2021-10-26 16:56:56.000000,9606.85,318,2
295,2023-09-12 17:48:05.000000,2020-09-12 17:48:05.000000,4075.42,581,2
296,2024-03-20 05:26:36.000000,2021-03-20 05:26:36.000000,1998.60,391,3
297,2021-08-14 15:21:12.000000,2019-08-14 15:21:12.000000,931.62,452,1
299,2024-06-20 13:35:27.000000,2021-06-20 13:35:27.000000,8669.12,654,4
302,2022-05-03 06:33:42.000000,2020-05-03 06:33:42.000000,3786.68,795,4
304,2021-11-29 05:32:22.000000,2020-11-29 05:32:22.000000,9992.47,818,2
307,2023-07-19 05:59:39.000000,2020-07-19 05:59:39.000000,8726.01,215,2
313,2025-03-23 08:30:26.000000,2022-03-23 08:30:26.000000,7507.43,416,1
315,2022-05-08 20:38:47.000000,2020-05-08 20:38:47.000000,3352.78,146,2
318,2024-07-09 17:06:05.000000,2021-07-09 17:06:05.000000,2447.57,434,3
324,2022-12-30 08:23:37.000000,2020-12-30 08:23:37.000000,6886.00,952,4
329,2022-09-10 16:21:01.000000,2019-09-10 16:21:01.000000,9684.54,596,2
331,2022-11-14 12:52:19.000000,2020-11-14 12:52:19.000000,6811.81,429,4
339,2023-04-04 15:11:43.000000,2020-04-04 15:11:43.000000,3198.42,990,2
344,2021-11-08 17:43:38.000000,2019-11-08 17:43:38.000000,7527.62,725,1
355,2024-05-28 07:14:35.000000,2021-05-28 07:14:35.000000,5741.65,506,1
359,2021-07-05 15:38:38.000000,2020-07-05 15:38:38.000000,8866.25,509,2
360,2022-01-20 18:50:58.000000,2021-01-20 18:50:58.000000,6539.46,576,2
364,2023-06-20 18:51:00.000000,2020-06-20 18:51:00.000000,2169.67,152,2
367,2022-07-03 03:06:52.000000,2020-07-03 03:06:52.000000,2489.32,488,1
369,2023-03-07 08:11:45.000000,2020-03-07 08:11:45.000000,3141.03,167,2
375,2023-12-15 11:16:24.000000,2021-12-15 11:16:24.000000,1857.59,362,1
381,2022-07-14 05:26:11.000000,2020-07-14 05:26:11.000000,8150.13,969,3
389,2022-09-13 17:13:17.000000,2019-09-13 17:13:17.000000,8081.12,148,4
390,2025-02-27 13:29:23.000000,2022-02-27 13:29:23.000000,1938.67,982,1
393,2023-01-19 04:35:21.000000,2020-01-19 04:35:21.000000,2636.34,381,3
404,2021-07-14 19:15:37.000000,2020-07-14 19:15:37.000000,5151.06,818,3
411,2022-04-28 06:59:55.000000,2021-04-28 06:59:55.000000,7675.38,591,1
416,2021-01-16 16:23:37.000000,2020-01-16 16:23:37.000000,1477.96,515,3
422,2021-03-20 18:04:44.000000,2020-03-20 18:04:44.000000,5507.81,158,3
423,2020-09-27 18:13:17.000000,2019-09-27 18:13:17.000000,7566.28,472,3
425,2023-02-08 04:20:21.000000,2020-02-08 04:20:21.000000,5608.82,479,3
430,2023-05-13 02:02:32.000000,2021-05-13 02:02:32.000000,1556.19,103,1
437,2022-01-30 09:18:57.000000,2020-01-30 09:18:57.000000,6488.49,143,1
438,2022-11-21 00:26:01.000000,2019-11-21 00:26:01.000000,7488.33,26,3
439,2023-07-21 05:34:55.000000,2020-07-21 05:34:55.000000,7296.85,941,2
440,2021-04-21 13:30:35.000000,2020-04-21 13:30:35.000000,5702.04,293,3
445,2022-12-18 08:55:40.000000,2020-12-18 08:55:40.000000,5303.11,367,2
446,2024-03-05 05:26:52.000000,2022-03-05 05:26:52.000000,5917.25,256,3
451,2021-08-25 20:43:45.000000,2020-08-25 20:43:45.000000,8485.73,814,4
452,2024-04-30 13:22:25.000000,2021-04-30 13:22:25.000000,3900.55,817,4
460,2022-01-22 01:59:09.000000,2021-01-22 01:59:09.000000,438.14,285,4
461,2021-09-17 08:51:49.000000,2020-09-17 08:51:49.000000,132.33,693,2
464,2024-06-16 11:29:46.000000,2021-06-16 11:29:46.000000,7223.75,267,3
477,2021-08-21 14:42:37.000000,2020-08-21 14:42:37.000000,8822.11,745,1
480,2021-11-03 01:33:53.000000,2019-11-03 01:33:53.000000,6559.73,72,4
481,2021-11-05 13:36:13.000000,2019-11-05 13:36:13.000000,7378.70,745,3
484,2023-09-05 10:02:43.000000,2020-09-05 10:02:43.000000,2302.13,332,3
487,2024-02-28 11:12:40.000000,2021-02-28 11:12:40.000000,4742.37,282,1
495,2021-12-22 14:05:25.000000,2019-12-22 14:05:25.000000,8698.46,473,1
500,2022-05-17 07:34:52.000000,2020-05-17 07:34:52.000000,8041.47,490,3
501,2022-07-15 23:26:48.000000,2020-07-15 23:26:48.000000,3905.06,458,4
504,2021-06-13 04:00:34.000000,2020-06-13 04:00:34.000000,7399.65,661,2
508,2022-12-05 01:09:39.000000,2019-12-05 01:09:39.000000,7360.55,13,4
527,2022-10-04 13:59:43.000000,2020-10-04 13:59:43.000000,8336.85,938,2
528,2024-04-11 22:43:53.000000,2022-04-11 22:43:53.000000,9458.41,354,1
533,2022-09-28 23:31:09.000000,2019-09-28 23:31:09.000000,3357.37,649,4
536,2024-04-08 08:29:20.000000,2021-04-08 08:29:20.000000,6079.09,127,1
539,2022-09-19 02:14:19.000000,2020-09-19 02:14:19.000000,3124.45,8,1
541,2022-06-03 16:24:21.000000,2020-06-03 16:24:21.000000,6476.32,368,2
544,2020-09-05 14:21:59.000000,2019-09-05 14:21:59.000000,5700.40,219,3
547,2021-09-30 20:20:31.000000,2020-09-30 20:20:31.000000,3515.58,287,1
549,2022-03-13 12:11:05.000000,2020-03-13 12:11:05.000000,2360.39,705,3
555,2021-09-30 17:18:59.000000,2019-09-30 17:18:59.000000,460.86,463,3
556,2023-11-10 20:07:05.000000,2021-11-10 20:07:05.000000,3267.51,242,3
562,2021-03-10 21:57:47.000000,2020-03-10 21:57:47.000000,8939.09,411,2
567,2023-11-02 21:11:44.000000,2020-11-02 21:11:44.000000,7961.32,906,1
569,2024-04-24 00:14:13.000000,2021-04-24 00:14:13.000000,9182.16,832,2
570,2020-12-08 03:06:28.000000,2019-12-08 03:06:28.000000,351.26,797,3
572,2021-12-31 06:30:22.000000,2020-12-31 06:30:22.000000,3838.29,607,4
578,2022-08-17 14:09:56.000000,2021-08-17 14:09:56.000000,4811.52,704,3
579,2024-06-11 05:01:21.000000,2021-06-11 05:01:21.000000,7786.69,308,2
580,2021-12-10 09:48:54.000000,2019-12-10 09:48:54.000000,392.60,22,2
583,2022-05-17 21:06:47.000000,2020-05-17 21:06:47.000000,6285.68,205,2
585,2023-08-03 15:38:04.000000,2020-08-03 15:38:04.000000,5079.74,996,4
592,2023-07-02 07:06:09.000000,2020-07-02 07:06:09.000000,7268.54,688,1
595,2022-03-21 05:42:45.000000,2021-03-21 05:42:45.000000,4629.98,651,2
606,2021-08-06 13:55:55.000000,2019-08-06 13:55:55.000000,4870.08,416,3
608,2024-05-02 12:35:05.000000,2021-05-02 12:35:05.000000,5454.81,723,4
610,2023-04-03 13:49:05.000000,2020-04-03 13:49:05.000000,8711.81,871,3
612,2024-03-16 05:07:04.000000,2021-03-16 05:07:04.000000,2733.53,920,2
621,2021-11-06 14:24:04.000000,2019-11-06 14:24:04.000000,1395.58,137,3
632,2021-01-01 11:29:00.000000,2020-01-01 11:29:00.000000,4895.93,172,2
634,2022-09-19 01:45:46.000000,2019-09-19 01:45:46.000000,9244.88,938,2
643,2023-02-07 16:20:47.000000,2020-02-07 16:20:47.000000,6054.16,76,1
645,2024-05-27 20:18:13.000000,2021-05-27 20:18:13.000000,3375.44,244,2
646,2022-05-24 19:45:02.000000,2021-05-24 19:45:02.000000,8640.83,532,3
647,2020-11-26 16:06:15.000000,2019-11-26 16:06:15.000000,1209.83,427,4
651,2024-10-05 12:18:20.000000,2021-10-05 12:18:20.000000,7542.65,703,3
652,2021-02-06 21:44:50.000000,2020-02-06 21:44:50.000000,7307.87,597,2
654,2020-09-08 18:58:15.000000,2019-09-08 18:58:15.000000,8883.27,780,2
661,2020-12-06 14:14:52.000000,2019-12-06 14:14:52.000000,4259.31,941,3
666,2020-09-27 07:26:09.000000,2019-09-27 07:26:09.000000,2037.33,742,4
679,2022-06-06 13:39:56.000000,2020-06-06 13:39:56.000000,3513.92,187,3
683,2023-06-05 12:49:34.000000,2020-06-05 12:49:34.000000,5073.91,399,1
686,2022-10-27 04:41:15.000000,2021-10-27 04:41:15.000000,1457.62,729,4
687,2022-05-31 22:18:16.000000,2021-05-31 22:18:16.000000,728.97,623,1
688,2022-06-01 09:35:26.000000,2021-06-01 09:35:26.000000,2955.58,653,4
693,2022-08-21 02:38:48.000000,2019-08-21 02:38:48.000000,2792.18,489,1
695,2021-12-06 16:22:19.000000,2020-12-06 16:22:19.000000,3330.10,455,2
705,2020-08-01 23:47:53.000000,2019-08-01 23:47:53.000000,3650.03,39,1
706,2021-09-21 06:14:36.000000,2019-09-21 06:14:36.000000,871.99,376,4
710,2024-03-15 02:13:14.000000,2021-03-15 02:13:14.000000,9293.72,324,3
714,2020-08-13 09:01:15.000000,2019-08-13 09:01:15.000000,6011.86,601,1
720,2022-11-03 01:47:04.000000,2019-11-03 01:47:04.000000,9532.53,627,4
732,2021-11-08 01:57:54.000000,2019-11-08 01:57:54.000000,1317.32,795,4
739,2023-01-28 09:38:52.000000,2020-01-28 09:38:52.000000,3263.65,544,1
742,2022-02-16 10:34:08.000000,2020-02-16 10:34:08.000000,8719.01,634,3
745,2022-10-21 10:55:30.000000,2019-10-21 10:55:30.000000,8057.36,143,1
746,2023-07-16 08:52:27.000000,2020-07-16 08:52:27.000000,3159.61,167,4
747,2022-08-11 12:21:35.000000,2020-08-11 12:21:35.000000,3803.56,955,2
749,2022-10-09 12:40:15.000000,2019-10-09 12:40:15.000000,858.66,674,4
752,2022-08-24 06:38:41.000000,2020-08-24 06:38:41.000000,3856.17,509,2
753,2022-02-22 18:51:37.000000,2020-02-22 18:51:37.000000,392.22,697,2
755,2023-09-22 13:25:40.000000,2020-09-22 13:25:40.000000,6721.69,448,3
756,2020-09-13 18:35:09.000000,2019-09-13 18:35:09.000000,3320.13,397,3
759,2022-09-20 19:30:31.000000,2021-09-20 19:30:31.000000,8902.13,539,1
760,2021-12-19 00:55:50.000000,2020-12-19 00:55:50.000000,1998.24,873,2
761,2021-02-01 17:42:29.000000,2020-02-01 17:42:29.000000,7931.52,452,3
765,2021-05-29 22:54:11.000000,2020-05-29 22:54:11.000000,7324.03,944,2
768,2022-05-18 19:18:43.000000,2020-05-18 19:18:43.000000,8408.34,685,2
769,2021-08-18 06:26:54.000000,2019-08-18 06:26:54.000000,5976.76,588,4
772,2021-10-22 12:57:53.000000,2020-10-22 12:57:53.000000,3404.46,816,2
773,2022-09-26 03:11:41.000000,2020-09-26 03:11:41.000000,1447.00,405,2
778,2022-08-17 08:52:15.000000,2021-08-17 08:52:15.000000,5589.47,347,2
783,2023-03-13 09:52:35.000000,2020-03-13 09:52:35.000000,6337.15,548,2
785,2022-07-22 12:57:55.000000,2020-07-22 12:57:55.000000,4112.27,2,2
786,2022-04-27 19:47:10.000000,2020-04-27 19:47:10.000000,7541.71,53,2
800,2023-09-28 12:01:00.000000,2021-09-28 12:01:00.000000,674.44,60,3
801,2022-11-08 10:46:00.000000,2019-11-08 10:46:00.000000,9517.97,512,1
805,2023-08-14 18:28:38.000000,2020-08-14 18:28:38.000000,4924.86,522,1
806,2020-10-24 20:43:46.000000,2019-10-24 20:43:46.000000,3856.63,247,1
808,2021-12-11 22:56:18.000000,2019-12-11 22:56:18.000000,1738.18,863,3
822,2023-07-04 10:33:07.000000,2020-07-04 10:33:07.000000,3596.85,160,3
841,2023-07-26 08:35:01.000000,2021-07-26 08:35:01.000000,8189.49,887,4
843,2022-08-04 22:55:11.000000,2020-08-04 22:55:11.000000,5147.15,427,2
852,2023-07-03 09:27:01.000000,2021-07-03 09:27:01.000000,6020.26,255,2
857,2023-08-28 03:04:57.000000,2020-08-28 03:04:57.000000,5141.78,611,1
868,2024-11-22 14:05:06.000000,2021-11-22 14:05:06.000000,1673.15,657,1
869,2022-08-19 05:32:40.000000,2019-08-19 05:32:40.000000,5908.19,187,3
871,2020-09-25 01:21:32.000000,2019-09-25 01:21:32.000000,8391.40,468,1
873,2024-01-28 04:10:43.000000,2021-01-28 04:10:43.000000,9245.21,249,3
875,2020-08-12 22:24:58.000000,2019-08-12 22:24:58.000000,8099.24,719,1
885,2021-06-06 21:12:54.000000,2020-06-06 21:12:54.000000,1100.09,594,2
95,2021-02-24 18:52:42.000000,2020-02-24 18:52:42.000000,7048.13,513,2
96,2025-05-05 02:26:57.000000,2022-05-05 02:26:57.000000,4650.05,679,4
97,2023-03-08 07:08:11.000000,2022-03-08 07:08:11.000000,9222.17,392,1
98,2023-09-17 23:33:23.000000,2020-09-17 23:33:23.000000,1776.23,62,3
99,2025-01-16 05:20:38.000000,2022-01-16 05:20:38.000000,4083.06,170,1
100,2023-10-23 00:59:17.000000,2020-10-23 00:59:17.000000,3743.51,935,3
102,2022-11-18 12:45:19.000000,2021-11-18 12:45:19.000000,6549.94,346,4
103,2022-09-13 14:54:22.000000,2020-09-13 14:54:22.000000,6517.23,150,1
107,2021-07-09 13:07:22.000000,2020-07-09 13:07:22.000000,1703.02,720,2
108,2024-04-08 21:16:02.000000,2022-04-08 21:16:02.000000,5293.05,855,4
110,2020-08-23 20:45:53.000000,2019-08-23 20:45:53.000000,3345.58,420,4
111,2023-12-01 16:04:03.000000,2020-12-01 16:04:03.000000,3096.16,187,1
112,2023-08-04 21:58:23.000000,2020-08-04 21:58:23.000000,9066.71,743,1
113,2022-11-25 22:30:15.000000,2021-11-25 22:30:15.000000,3022.78,4,2
115,2022-10-01 11:41:53.000000,2021-10-01 11:41:53.000000,7626.32,269,4
116,2024-04-16 16:34:39.000000,2022-04-16 16:34:39.000000,9651.72,396,1
117,2022-06-15 11:41:05.000000,2021-06-15 11:41:05.000000,883.80,808,4
121,2023-02-09 19:01:55.000000,2022-02-09 19:01:55.000000,6570.44,550,4
122,2022-01-03 10:52:23.000000,2021-01-03 10:52:23.000000,7984.64,774,2
124,2025-01-01 23:28:39.000000,2022-01-01 23:28:39.000000,3206.08,829,1
128,2022-12-23 06:36:11.000000,2020-12-23 06:36:11.000000,2078.96,835,2
129,2020-09-22 10:48:23.000000,2019-09-22 10:48:23.000000,6816.51,133,3
130,2022-10-29 11:02:29.000000,2020-10-29 11:02:29.000000,3804.43,735,4
131,2024-05-25 20:23:13.000000,2021-05-25 20:23:13.000000,9797.15,357,4
135,2021-12-18 15:00:22.000000,2020-12-18 15:00:22.000000,3825.35,726,3
137,2025-05-16 01:44:27.000000,2022-05-16 01:44:27.000000,3672.38,974,1
138,2021-10-24 00:55:11.000000,2019-10-24 00:55:11.000000,4224.57,630,4
139,2025-06-26 20:15:38.000000,2022-06-26 20:15:38.000000,8447.06,917,4
140,2021-11-07 19:50:32.000000,2020-11-07 19:50:32.000000,1428.34,630,3
141,2021-12-19 03:04:12.000000,2020-12-19 03:04:12.000000,616.64,246,4
142,2024-04-27 00:29:31.000000,2021-04-27 00:29:31.000000,8948.88,626,2
144,2021-09-07 11:14:24.000000,2020-09-07 11:14:24.000000,7529.43,758,1
147,2023-02-23 06:29:56.000000,2021-02-23 06:29:56.000000,5134.77,661,2
174,2024-02-18 20:28:49.000000,2021-02-18 20:28:49.000000,6410.99,951,2
175,2023-05-20 09:59:25.000000,2020-05-20 09:59:25.000000,1800.44,961,4
176,2023-02-06 20:34:45.000000,2021-02-06 20:34:45.000000,8025.44,489,4
177,2022-03-15 16:30:28.000000,2021-03-15 16:30:28.000000,4544.29,196,2
178,2021-11-03 05:47:17.000000,2020-11-03 05:47:17.000000,4624.23,882,2
179,2023-02-16 15:23:56.000000,2022-02-16 15:23:56.000000,4885.26,172,2
180,2021-02-07 08:51:33.000000,2020-02-07 08:51:33.000000,1563.66,777,1
181,2023-09-02 17:04:26.000000,2020-09-02 17:04:26.000000,8760.45,904,1
182,2022-06-28 09:00:24.000000,2020-06-28 09:00:24.000000,3608.41,695,1
183,2022-04-08 11:46:10.000000,2020-04-08 11:46:10.000000,6097.38,418,3
184,2024-06-20 20:45:47.000000,2021-06-20 20:45:47.000000,6014.82,740,1
185,2025-01-17 06:23:56.000000,2022-01-17 06:23:56.000000,7207.84,203,3
186,2025-03-07 07:23:09.000000,2022-03-07 07:23:09.000000,183.78,272,1
187,2023-06-20 15:04:00.000000,2020-06-20 15:04:00.000000,9294.50,797,3
188,2023-03-09 13:53:04.000000,2020-03-09 13:53:04.000000,7509.57,570,3
189,2022-04-28 22:52:57.000000,2021-04-28 22:52:57.000000,8393.28,293,1
192,2022-11-04 13:42:36.000000,2021-11-04 13:42:36.000000,5291.41,627,4
193,2021-04-25 21:24:54.000000,2020-04-25 21:24:54.000000,8478.23,854,3
194,2021-09-27 17:46:11.000000,2019-09-27 17:46:11.000000,7489.12,508,2
196,2022-08-19 01:00:37.000000,2020-08-19 01:00:37.000000,7314.80,985,4
198,2021-04-17 01:13:55.000000,2020-04-17 01:13:55.000000,544.16,814,3
199,2024-05-06 09:34:17.000000,2021-05-06 09:34:17.000000,3391.53,473,1
200,2022-12-27 09:42:08.000000,2021-12-27 09:42:08.000000,3062.46,824,1
201,2022-07-09 01:52:42.000000,2021-07-09 01:52:42.000000,6134.49,479,4
202,2022-06-08 12:40:16.000000,2020-06-08 12:40:16.000000,2130.05,532,1
204,2024-06-11 21:15:02.000000,2021-06-11 21:15:02.000000,9960.43,685,2
205,2022-07-13 19:29:20.000000,2021-07-13 19:29:20.000000,2074.94,673,1
206,2021-10-22 12:18:50.000000,2020-10-22 12:18:50.000000,2541.63,243,1
207,2023-07-22 16:10:07.000000,2022-07-22 16:10:07.000000,1077.14,784,2
209,2021-07-27 12:47:23.000000,2020-07-27 12:47:23.000000,2172.00,323,1
212,2020-11-25 22:37:55.000000,2019-11-25 22:37:55.000000,7366.03,330,4
213,2023-01-03 01:37:26.000000,2021-01-03 01:37:26.000000,5590.39,536,2
214,2024-01-25 06:15:59.000000,2022-01-25 06:15:59.000000,5494.02,696,2
215,2022-03-31 02:38:33.000000,2020-03-31 02:38:33.000000,7192.78,259,4
216,2022-03-31 09:06:03.000000,2021-03-31 09:06:03.000000,2726.83,292,2
218,2022-05-06 21:49:53.000000,2021-05-06 21:49:53.000000,9283.24,360,1
219,2023-01-26 14:38:32.000000,2021-01-26 14:38:32.000000,1219.54,939,2
220,2024-06-10 13:09:45.000000,2022-06-10 13:09:45.000000,3571.86,246,3
221,2023-10-31 09:29:23.000000,2021-10-31 09:29:23.000000,4011.59,328,2
222,2022-05-27 18:42:56.000000,2021-05-27 18:42:56.000000,4889.41,577,2
223,2022-07-24 09:39:44.000000,2020-07-24 09:39:44.000000,3619.21,340,2
224,2022-09-13 21:10:03.000000,2021-09-13 21:10:03.000000,4999.17,124,4
225,2020-11-29 16:47:49.000000,2019-11-29 16:47:49.000000,532.36,395,4
226,2023-10-01 05:30:05.000000,2020-10-01 05:30:05.000000,3905.84,16,3
229,2022-12-06 13:39:05.000000,2021-12-06 13:39:05.000000,3422.74,883,2
230,2025-04-02 15:03:49.000000,2022-04-02 15:03:49.000000,5752.51,964,4
231,2022-04-30 11:51:26.000000,2021-04-30 11:51:26.000000,3947.11,370,4
232,2025-05-03 16:37:07.000000,2022-05-03 16:37:07.000000,5853.24,36,1
234,2025-05-18 18:34:50.000000,2022-05-18 18:34:50.000000,5124.39,943,3
235,2021-02-28 22:41:40.000000,2020-02-29 22:41:40.000000,974.89,239,3
237,2023-02-03 21:34:40.000000,2020-02-03 21:34:40.000000,8336.25,438,2
238,2021-10-13 14:33:39.000000,2019-10-13 14:33:39.000000,8964.96,468,4
241,2023-01-05 02:14:58.000000,2020-01-05 02:14:58.000000,7329.30,7,1
242,2023-04-21 23:50:41.000000,2020-04-21 23:50:41.000000,6611.13,65,1
243,2023-06-23 08:38:17.000000,2020-06-23 08:38:17.000000,4498.98,958,1
244,2021-12-19 03:00:59.000000,2020-12-19 03:00:59.000000,6756.01,193,3
245,2022-02-15 05:16:52.000000,2020-02-15 05:16:52.000000,2295.07,438,2
246,2024-03-10 16:10:25.000000,2021-03-10 16:10:25.000000,285.16,308,3
249,2023-04-17 00:05:57.000000,2020-04-17 00:05:57.000000,8558.16,446,2
250,2022-03-16 06:49:04.000000,2020-03-16 06:49:04.000000,7745.20,253,2
251,2020-12-18 20:19:08.000000,2019-12-18 20:19:08.000000,6675.00,572,2
254,2024-07-22 18:04:36.000000,2022-07-22 18:04:36.000000,5292.56,594,4
287,2022-03-25 17:32:33.000000,2021-03-25 17:32:33.000000,801.00,499,1
290,2021-12-18 00:49:42.000000,2019-12-18 00:49:42.000000,9760.83,42,2
291,2023-10-14 00:17:55.000000,2020-10-14 00:17:55.000000,2195.64,413,3
292,2021-07-17 03:57:44.000000,2020-07-17 03:57:44.000000,2888.33,363,2
293,2025-07-27 06:23:27.000000,2022-07-27 06:23:27.000000,6808.16,737,1
298,2022-10-13 02:12:01.000000,2020-10-13 02:12:01.000000,5450.79,563,2
300,2022-01-16 15:12:18.000000,2021-01-16 15:12:18.000000,1962.11,174,3
301,2023-10-09 16:10:59.000000,2021-10-09 16:10:59.000000,2320.98,414,4
303,2023-11-07 14:16:30.000000,2021-11-07 14:16:30.000000,5829.97,693,4
305,2021-10-20 16:02:33.000000,2020-10-20 16:02:33.000000,4959.83,696,3
306,2022-06-22 06:19:41.000000,2020-06-22 06:19:41.000000,2968.49,438,4
308,2023-11-11 15:17:34.000000,2021-11-11 15:17:34.000000,1162.37,386,2
309,2024-11-04 16:14:36.000000,2021-11-04 16:14:36.000000,8999.42,594,3
310,2022-06-01 06:10:15.000000,2020-06-01 06:10:15.000000,1965.32,873,2
311,2021-10-13 09:56:54.000000,2019-10-13 09:56:54.000000,3204.86,361,1
312,2025-03-03 10:11:55.000000,2022-03-03 10:11:55.000000,2771.54,162,1
314,2023-01-01 19:21:39.000000,2020-01-01 19:21:39.000000,6575.08,630,4
316,2021-07-04 16:50:58.000000,2020-07-04 16:50:58.000000,6672.11,403,3
317,2021-08-27 16:34:17.000000,2020-08-27 16:34:17.000000,3281.18,313,4
319,2021-06-03 12:16:57.000000,2020-06-03 12:16:57.000000,6809.03,874,4
320,2021-02-28 23:15:53.000000,2020-02-28 23:15:53.000000,4706.75,41,1
321,2024-07-21 05:49:53.000000,2022-07-21 05:49:53.000000,7730.66,310,4
322,2021-08-11 17:28:57.000000,2020-08-11 17:28:57.000000,7042.04,442,3
323,2022-10-23 05:46:17.000000,2020-10-23 05:46:17.000000,3862.94,892,4
325,2022-09-26 15:23:16.000000,2020-09-26 15:23:16.000000,3063.33,502,3
326,2022-11-12 22:38:21.000000,2019-11-12 22:38:21.000000,6420.56,459,2
327,2023-09-11 14:07:45.000000,2021-09-11 14:07:45.000000,7361.24,783,3
328,2023-11-19 10:31:51.000000,2021-11-19 10:31:51.000000,4638.92,714,2
330,2025-01-01 15:42:19.000000,2022-01-01 15:42:19.000000,6182.17,913,4
332,2021-06-27 17:30:10.000000,2020-06-27 17:30:10.000000,4914.37,253,1
333,2020-10-30 19:00:49.000000,2019-10-30 19:00:49.000000,2667.40,236,2
334,2024-06-21 20:04:38.000000,2021-06-21 20:04:38.000000,6772.30,610,2
335,2022-12-29 16:56:12.000000,2021-12-29 16:56:12.000000,4863.31,721,3
336,2025-03-17 04:10:38.000000,2022-03-17 04:10:38.000000,8009.82,839,1
337,2024-03-25 20:23:22.000000,2021-03-25 20:23:22.000000,7464.52,101,1
338,2021-08-17 09:55:05.000000,2019-08-17 09:55:05.000000,2936.07,55,4
340,2023-03-08 21:44:16.000000,2020-03-08 21:44:16.000000,1415.65,14,4
341,2020-10-22 21:10:20.000000,2019-10-22 21:10:20.000000,650.07,85,4
342,2023-05-06 22:13:01.000000,2020-05-06 22:13:01.000000,6368.50,921,3
343,2022-04-27 14:02:31.000000,2021-04-27 14:02:31.000000,1678.39,695,3
345,2020-12-07 05:19:12.000000,2019-12-07 05:19:12.000000,7659.06,310,3
346,2021-07-16 22:56:59.000000,2020-07-16 22:56:59.000000,7847.67,965,1
347,2025-01-16 06:54:25.000000,2022-01-16 06:54:25.000000,3653.79,392,2
348,2021-01-02 01:30:20.000000,2020-01-02 01:30:20.000000,5303.58,808,3
349,2025-07-08 08:36:28.000000,2022-07-08 08:36:28.000000,1662.44,98,4
350,2021-08-09 02:25:38.000000,2019-08-09 02:25:38.000000,5264.33,637,2
351,2024-11-12 01:39:50.000000,2021-11-12 01:39:50.000000,3635.20,203,2
352,2023-07-28 18:42:00.000000,2020-07-28 18:42:00.000000,4418.05,241,2
353,2023-06-12 02:30:18.000000,2020-06-12 02:30:18.000000,6085.06,248,4
354,2023-11-08 01:29:00.000000,2020-11-08 01:29:00.000000,3541.62,536,3
356,2022-07-27 14:05:17.000000,2021-07-27 14:05:17.000000,5194.75,303,1
357,2021-02-15 16:55:23.000000,2020-02-15 16:55:23.000000,7598.93,835,2
358,2021-03-29 11:28:35.000000,2020-03-29 11:28:35.000000,4942.09,77,1
361,2022-09-30 21:29:32.000000,2021-09-30 21:29:32.000000,9141.99,624,1
395,2020-12-14 03:23:55.000000,2019-12-14 03:23:55.000000,8952.99,943,1
396,2021-03-05 01:22:15.000000,2020-03-05 01:22:15.000000,579.99,600,4
397,2022-05-04 03:16:08.000000,2020-05-04 03:16:08.000000,1854.16,338,1
398,2023-03-10 05:44:41.000000,2021-03-10 05:44:41.000000,566.47,483,2
399,2023-01-09 21:49:07.000000,2021-01-09 21:49:07.000000,2501.82,507,4
400,2021-09-12 22:18:40.000000,2020-09-12 22:18:40.000000,3771.40,68,4
401,2024-02-12 02:25:40.000000,2021-02-12 02:25:40.000000,4241.51,685,1
402,2024-06-14 00:45:33.000000,2021-06-14 00:45:33.000000,7946.76,414,3
403,2022-11-05 03:02:19.000000,2020-11-05 03:02:19.000000,4183.92,744,2
405,2021-03-31 00:15:28.000000,2020-03-31 00:15:28.000000,4098.61,315,2
406,2024-01-12 11:36:29.000000,2022-01-12 11:36:29.000000,5491.38,754,4
407,2023-11-17 03:06:13.000000,2021-11-17 03:06:13.000000,1567.19,653,3
408,2024-04-22 07:09:38.000000,2022-04-22 07:09:38.000000,7143.09,607,1
409,2021-07-24 21:24:57.000000,2020-07-24 21:24:57.000000,5506.29,323,3
410,2024-01-30 16:46:58.000000,2021-01-30 16:46:58.000000,4065.98,588,4
412,2024-09-25 08:56:08.000000,2021-09-25 08:56:08.000000,8964.19,485,3
413,2021-09-27 01:36:07.000000,2019-09-27 01:36:07.000000,4007.73,168,2
414,2022-04-05 06:53:14.000000,2020-04-05 06:53:14.000000,1639.64,16,2
415,2023-12-30 03:07:59.000000,2020-12-30 03:07:59.000000,297.98,645,2
417,2021-04-04 15:17:30.000000,2020-04-04 15:17:30.000000,6485.39,171,4
418,2021-08-05 00:31:17.000000,2020-08-05 00:31:17.000000,7234.15,656,3
419,2024-04-11 13:18:46.000000,2021-04-11 13:18:46.000000,4910.51,705,4
420,2022-12-10 06:47:09.000000,2021-12-10 06:47:09.000000,2879.41,785,1
421,2022-01-11 06:02:55.000000,2020-01-11 06:02:55.000000,286.00,314,1
424,2021-05-29 12:17:03.000000,2020-05-29 12:17:03.000000,7693.49,99,2
426,2021-03-06 05:39:35.000000,2020-03-06 05:39:35.000000,1971.13,221,2
427,2024-08-05 14:28:49.000000,2021-08-05 14:28:49.000000,6969.42,338,2
428,2022-12-01 09:52:26.000000,2020-12-01 09:52:26.000000,5951.54,814,1
429,2022-01-11 12:31:48.000000,2020-01-11 12:31:48.000000,110.40,194,1
431,2022-01-12 19:22:14.000000,2020-01-12 19:22:14.000000,550.18,889,3
432,2023-02-22 05:25:53.000000,2020-02-22 05:25:53.000000,9118.36,283,3
433,2023-04-29 14:23:21.000000,2022-04-29 14:23:21.000000,2021.11,762,1
434,2022-10-25 02:03:39.000000,2019-10-25 02:03:39.000000,3059.17,687,2
435,2021-08-21 23:36:45.000000,2019-08-21 23:36:45.000000,7809.52,424,4
436,2024-06-05 08:15:15.000000,2021-06-05 08:15:15.000000,5578.90,731,4
441,2021-02-20 13:10:46.000000,2020-02-20 13:10:46.000000,1161.23,838,2
442,2023-09-30 03:12:27.000000,2021-09-30 03:12:27.000000,9259.40,300,1
443,2023-08-30 03:42:02.000000,2021-08-30 03:42:02.000000,7225.10,338,2
444,2022-03-27 02:38:07.000000,2020-03-27 02:38:07.000000,4460.98,686,2
447,2023-04-19 08:27:40.000000,2020-04-19 08:27:40.000000,8866.17,836,4
448,2022-05-11 00:22:31.000000,2021-05-11 00:22:31.000000,9901.38,693,1
449,2021-05-09 12:00:01.000000,2020-05-09 12:00:01.000000,6138.46,686,4
450,2021-12-22 14:33:39.000000,2019-12-22 14:33:39.000000,3882.74,684,2
453,2023-01-09 23:04:16.000000,2021-01-09 23:04:16.000000,704.81,60,4
454,2023-03-18 20:08:54.000000,2021-03-18 20:08:54.000000,3470.07,490,3
455,2025-05-08 07:04:23.000000,2022-05-08 07:04:23.000000,3032.23,659,4
456,2024-12-31 20:53:24.000000,2021-12-31 20:53:24.000000,7713.97,772,1
457,2021-08-21 14:33:14.000000,2020-08-21 14:33:14.000000,7835.81,883,2
458,2020-11-14 11:05:59.000000,2019-11-14 11:05:59.000000,1740.91,56,4
459,2023-01-18 14:23:12.000000,2020-01-18 14:23:12.000000,1893.35,195,2
462,2022-09-27 11:58:25.000000,2020-09-27 11:58:25.000000,420.22,61,1
463,2024-01-24 10:22:22.000000,2021-01-24 10:22:22.000000,630.01,357,4
465,2022-01-07 17:17:38.000000,2021-01-07 17:17:38.000000,9764.21,824,1
466,2024-08-16 16:49:05.000000,2021-08-16 16:49:05.000000,8047.00,264,4
467,2023-03-06 15:13:39.000000,2022-03-06 15:13:39.000000,8590.53,290,1
468,2020-12-04 11:49:53.000000,2019-12-04 11:49:53.000000,8426.69,3,3
502,2023-11-08 00:20:36.000000,2021-11-08 00:20:36.000000,1532.13,875,4
503,2023-05-05 11:48:07.000000,2020-05-05 11:48:07.000000,3608.37,880,1
505,2023-10-29 04:39:19.000000,2020-10-29 04:39:19.000000,4817.36,769,1
506,2021-11-09 15:47:30.000000,2019-11-09 15:47:30.000000,2882.75,407,4
507,2023-12-04 08:50:12.000000,2021-12-04 08:50:12.000000,7071.82,199,4
509,2025-07-17 22:54:30.000000,2022-07-17 22:54:30.000000,3079.15,380,1
510,2024-01-20 16:17:02.000000,2022-01-20 16:17:02.000000,8612.11,551,1
511,2023-03-26 05:01:24.000000,2022-03-26 05:01:24.000000,3609.87,878,1
512,2025-07-13 10:42:12.000000,2022-07-13 10:42:12.000000,6731.50,258,3
513,2022-09-12 23:33:30.000000,2019-09-12 23:33:30.000000,7487.20,57,3
514,2024-12-27 04:17:25.000000,2021-12-27 04:17:25.000000,4736.12,105,1
515,2023-07-17 18:43:02.000000,2020-07-17 18:43:02.000000,2135.45,528,3
516,2023-03-04 07:38:07.000000,2020-03-04 07:38:07.000000,8547.11,878,3
517,2024-03-13 02:59:23.000000,2021-03-13 02:59:23.000000,1058.17,75,1
518,2024-11-20 19:06:55.000000,2021-11-20 19:06:55.000000,7917.13,445,3
519,2022-03-31 22:38:03.000000,2021-03-31 22:38:03.000000,8558.33,434,3
520,2022-11-10 22:23:38.000000,2019-11-10 22:23:38.000000,6326.24,538,4
521,2022-08-20 12:29:02.000000,2021-08-20 12:29:02.000000,6351.65,676,1
522,2024-02-12 01:38:20.000000,2022-02-12 01:38:20.000000,8778.36,180,1
523,2022-11-07 00:32:49.000000,2020-11-07 00:32:49.000000,1461.28,316,4
524,2020-08-09 06:42:41.000000,2019-08-09 06:42:41.000000,5290.85,362,1
525,2023-09-20 01:53:20.000000,2020-09-20 01:53:20.000000,5595.15,573,4
526,2023-03-19 09:58:45.000000,2021-03-19 09:58:45.000000,633.10,410,4
529,2023-06-19 11:16:52.000000,2020-06-19 11:16:52.000000,6312.81,804,1
530,2025-04-15 22:45:00.000000,2022-04-15 22:45:00.000000,6123.13,3,4
531,2021-08-06 23:59:54.000000,2019-08-06 23:59:54.000000,8179.14,966,1
532,2021-12-10 20:53:46.000000,2020-12-10 20:53:46.000000,8089.16,45,2
534,2020-08-04 17:24:21.000000,2019-08-04 17:24:21.000000,3964.67,726,3
535,2025-01-05 16:07:38.000000,2022-01-05 16:07:38.000000,1197.87,720,2
537,2023-03-10 12:56:41.000000,2020-03-10 12:56:41.000000,5212.89,116,4
538,2023-03-01 11:43:34.000000,2022-03-01 11:43:34.000000,9345.08,809,3
540,2022-05-02 10:27:33.000000,2021-05-02 10:27:33.000000,5508.37,435,3
542,2021-03-17 14:19:57.000000,2020-03-17 14:19:57.000000,7862.35,533,3
543,2023-05-30 22:21:13.000000,2020-05-30 22:21:13.000000,377.70,1000,2
545,2024-01-31 16:32:00.000000,2021-01-31 16:32:00.000000,5304.00,210,2
546,2022-04-23 13:20:46.000000,2021-04-23 13:20:46.000000,5127.21,613,3
548,2021-09-03 17:22:53.000000,2020-09-03 17:22:53.000000,8932.60,343,2
550,2023-01-12 02:11:58.000000,2020-01-12 02:11:58.000000,3548.58,334,1
551,2023-05-15 14:47:07.000000,2022-05-15 14:47:07.000000,6308.98,970,2
552,2022-01-04 23:53:04.000000,2021-01-04 23:53:04.000000,7918.76,702,1
553,2020-08-20 20:06:01.000000,2019-08-20 20:06:01.000000,6706.85,881,3
554,2022-03-03 03:16:25.000000,2021-03-03 03:16:25.000000,9084.28,864,1
557,2022-07-30 01:26:35.000000,2020-07-30 01:26:35.000000,3587.49,780,4
558,2022-06-16 22:57:13.000000,2020-06-16 22:57:13.000000,913.75,583,3
559,2021-03-14 19:33:20.000000,2020-03-14 19:33:20.000000,2683.92,784,1
560,2022-11-04 14:24:02.000000,2019-11-04 14:24:02.000000,7143.93,256,4
561,2022-04-24 13:26:32.000000,2020-04-24 13:26:32.000000,3800.52,109,4
563,2021-04-03 21:25:34.000000,2020-04-03 21:25:34.000000,3797.64,849,2
564,2023-02-25 06:14:39.000000,2022-02-25 06:14:39.000000,4005.16,958,3
565,2024-07-09 12:57:55.000000,2021-07-09 12:57:55.000000,9512.63,596,2
566,2025-06-14 02:22:44.000000,2022-06-14 02:22:44.000000,9577.80,887,3
568,2020-08-06 18:57:47.000000,2019-08-06 18:57:47.000000,912.32,669,2
571,2021-12-28 18:06:10.000000,2020-12-28 18:06:10.000000,6284.14,89,4
573,2022-03-28 23:47:14.000000,2021-03-28 23:47:14.000000,957.46,803,2
574,2022-01-05 13:03:31.000000,2020-01-05 13:03:31.000000,3663.50,517,2
575,2024-11-12 15:43:04.000000,2021-11-12 15:43:04.000000,8220.51,443,3
607,2021-09-10 20:54:30.000000,2020-09-10 20:54:30.000000,2786.72,685,1
609,2022-02-06 23:44:58.000000,2020-02-06 23:44:58.000000,4421.59,224,2
611,2023-02-24 09:25:37.000000,2020-02-24 09:25:37.000000,8428.45,401,4
613,2021-05-19 18:54:12.000000,2020-05-19 18:54:12.000000,3940.15,49,1
614,2022-11-03 03:10:02.000000,2019-11-03 03:10:02.000000,6911.14,438,2
615,2021-07-12 08:20:48.000000,2020-07-12 08:20:48.000000,5150.90,109,4
616,2022-06-12 08:07:57.000000,2021-06-12 08:07:57.000000,7512.53,95,1
617,2023-02-18 01:19:07.000000,2020-02-18 01:19:07.000000,4367.67,65,1
618,2024-05-25 17:27:12.000000,2022-05-25 17:27:12.000000,6464.38,552,2
619,2022-04-01 18:03:35.000000,2021-04-01 18:03:35.000000,7213.19,871,1
620,2023-01-13 05:18:32.000000,2020-01-13 05:18:32.000000,5164.92,448,2
622,2022-08-29 03:44:15.000000,2019-08-29 03:44:15.000000,7545.32,283,4
623,2020-12-18 08:38:31.000000,2019-12-18 08:38:31.000000,7531.17,714,3
624,2024-05-21 15:21:04.000000,2021-05-21 15:21:04.000000,5585.85,883,4
625,2021-11-27 04:51:05.000000,2020-11-27 04:51:05.000000,4964.29,31,4
626,2025-03-15 04:34:32.000000,2022-03-15 04:34:32.000000,295.06,529,3
627,2021-06-16 13:46:32.000000,2020-06-16 13:46:32.000000,8929.31,381,2
628,2024-12-24 00:19:04.000000,2021-12-24 00:19:04.000000,2084.32,967,1
629,2022-05-16 05:45:44.000000,2020-05-16 05:45:44.000000,7879.31,466,3
630,2022-08-22 14:52:26.000000,2019-08-22 14:52:26.000000,5604.31,875,4
631,2025-02-07 00:29:37.000000,2022-02-07 00:29:37.000000,4716.18,744,2
633,2022-04-18 07:21:32.000000,2020-04-18 07:21:32.000000,144.33,106,1
635,2023-01-21 04:43:32.000000,2020-01-21 04:43:32.000000,1014.05,812,4
636,2022-12-19 10:33:11.000000,2020-12-19 10:33:11.000000,6054.09,246,3
637,2022-11-29 09:37:37.000000,2019-11-29 09:37:37.000000,2520.64,958,4
638,2025-07-13 14:47:58.000000,2022-07-13 14:47:58.000000,3536.63,632,4
639,2022-08-17 19:08:27.000000,2020-08-17 19:08:27.000000,8133.26,132,1
640,2022-10-18 09:26:28.000000,2020-10-18 09:26:28.000000,6422.81,819,2
641,2021-02-05 10:13:38.000000,2020-02-05 10:13:38.000000,1253.35,369,3
642,2023-08-08 13:50:36.000000,2020-08-08 13:50:36.000000,2200.22,465,1
644,2023-05-28 06:31:13.000000,2021-05-28 06:31:13.000000,3665.08,641,1
648,2021-09-12 09:58:10.000000,2020-09-12 09:58:10.000000,6257.82,903,4
649,2025-04-06 01:47:50.000000,2022-04-06 01:47:50.000000,3386.93,244,3
650,2023-05-01 01:37:34.000000,2022-05-01 01:37:34.000000,6566.94,731,3
653,2021-02-26 21:23:17.000000,2020-02-26 21:23:17.000000,3274.91,463,2
655,2025-01-03 07:32:11.000000,2022-01-03 07:32:11.000000,4060.22,414,4
656,2022-07-08 11:09:42.000000,2021-07-08 11:09:42.000000,2626.06,379,4
657,2021-08-09 08:26:46.000000,2020-08-09 08:26:46.000000,9386.99,144,3
658,2022-05-19 07:48:08.000000,2021-05-19 07:48:08.000000,5329.63,466,3
659,2025-07-31 18:11:04.000000,2022-07-31 18:11:04.000000,5780.71,551,4
660,2025-02-18 13:11:53.000000,2022-02-18 13:11:53.000000,6873.27,172,3
662,2024-08-01 19:44:55.000000,2021-08-01 19:44:55.000000,656.09,404,2
663,2022-10-13 15:24:43.000000,2019-10-13 15:24:43.000000,3767.54,254,3
664,2024-02-06 01:46:04.000000,2021-02-06 01:46:04.000000,7842.36,745,3
665,2023-06-08 12:28:24.000000,2021-06-08 12:28:24.000000,7205.10,866,4
667,2022-09-09 15:14:53.000000,2019-09-09 15:14:53.000000,1295.21,862,2
668,2023-05-21 06:51:10.000000,2020-05-21 06:51:10.000000,2037.15,712,1
669,2023-07-18 00:35:19.000000,2021-07-18 00:35:19.000000,6249.13,527,3
670,2021-04-24 17:39:39.000000,2020-04-24 17:39:39.000000,7666.17,593,2
671,2024-06-07 00:13:38.000000,2021-06-07 00:13:38.000000,5946.86,243,2
672,2024-02-11 21:30:08.000000,2022-02-11 21:30:08.000000,1844.25,414,4
673,2021-05-25 18:45:39.000000,2020-05-25 18:45:39.000000,6372.67,33,2
674,2020-12-10 07:20:02.000000,2019-12-10 07:20:02.000000,2310.42,218,2
675,2020-11-27 03:07:50.000000,2019-11-27 03:07:50.000000,7694.04,285,4
676,2021-06-19 10:54:25.000000,2020-06-19 10:54:25.000000,3557.49,806,2
677,2023-09-29 08:01:18.000000,2020-09-29 08:01:18.000000,8690.06,107,3
678,2023-02-15 01:33:22.000000,2021-02-15 01:33:22.000000,3235.14,492,1
680,2020-09-07 13:02:34.000000,2019-09-07 13:02:34.000000,1553.08,566,2
681,2024-05-01 07:33:43.000000,2021-05-01 07:33:43.000000,8989.79,776,2
682,2021-01-21 04:03:17.000000,2020-01-21 04:03:17.000000,577.10,408,2
726,2024-03-04 04:58:55.000000,2022-03-04 04:58:55.000000,971.99,167,4
727,2024-12-29 05:00:09.000000,2021-12-29 05:00:09.000000,2534.06,293,3
728,2024-04-08 11:02:49.000000,2021-04-08 11:02:49.000000,5742.95,637,3
729,2024-05-04 19:30:28.000000,2022-05-04 19:30:28.000000,866.98,865,2
730,2020-08-15 08:19:06.000000,2019-08-15 08:19:06.000000,3433.12,166,3
731,2023-08-17 22:22:34.000000,2021-08-17 22:22:34.000000,9749.42,264,1
733,2022-12-30 04:19:48.000000,2019-12-30 04:19:48.000000,3585.92,924,4
734,2021-07-06 11:18:02.000000,2020-07-06 11:18:02.000000,5632.90,987,1
735,2022-08-30 23:31:52.000000,2020-08-30 23:31:52.000000,6980.46,942,1
736,2023-04-10 14:20:03.000000,2022-04-10 14:20:03.000000,1936.46,160,4
737,2022-10-03 03:45:05.000000,2019-10-03 03:45:05.000000,8421.31,920,1
738,2024-02-09 07:38:25.000000,2021-02-09 07:38:25.000000,3111.38,124,3
740,2022-06-19 08:06:11.000000,2020-06-19 08:06:11.000000,506.86,604,4
741,2021-12-16 01:34:43.000000,2020-12-16 01:34:43.000000,2224.94,754,3
743,2022-12-16 00:58:12.000000,2019-12-16 00:58:12.000000,6300.76,35,3
744,2022-09-28 21:12:54.000000,2020-09-28 21:12:54.000000,3879.09,141,2
748,2022-12-22 04:50:13.000000,2019-12-22 04:50:13.000000,6193.00,57,1
750,2022-11-22 19:02:13.000000,2019-11-22 19:02:13.000000,3162.45,755,1
751,2024-03-30 11:39:22.000000,2022-03-30 11:39:22.000000,8775.90,636,3
754,2021-10-18 00:42:30.000000,2020-10-18 00:42:30.000000,1684.65,880,3
757,2024-10-04 22:21:20.000000,2021-10-04 22:21:20.000000,901.53,518,1
758,2021-11-07 13:37:32.000000,2019-11-07 13:37:32.000000,5404.70,540,3
762,2024-08-04 16:05:22.000000,2021-08-04 16:05:22.000000,543.42,492,2
763,2023-05-17 22:13:47.000000,2020-05-17 22:13:47.000000,616.46,970,4
764,2021-08-10 03:33:20.000000,2019-08-10 03:33:20.000000,7903.01,352,3
766,2024-01-11 11:18:55.000000,2022-01-11 11:18:55.000000,6125.77,673,4
767,2024-01-01 04:54:01.000000,2021-01-01 04:54:01.000000,6909.05,470,2
770,2023-04-19 00:50:13.000000,2022-04-19 00:50:13.000000,5810.91,613,2
771,2022-04-05 07:37:12.000000,2020-04-05 07:37:12.000000,4382.92,261,1
774,2020-12-09 12:54:55.000000,2019-12-09 12:54:55.000000,5280.34,842,3
775,2021-05-06 06:56:31.000000,2020-05-06 06:56:31.000000,6630.62,697,3
776,2022-09-25 10:59:12.000000,2020-09-25 10:59:12.000000,5273.48,343,1
777,2023-06-29 20:38:50.000000,2020-06-29 20:38:50.000000,7557.51,614,1
779,2022-02-18 16:45:46.000000,2020-02-18 16:45:46.000000,3500.53,607,2
780,2023-06-21 05:32:30.000000,2021-06-21 05:32:30.000000,6977.94,661,4
781,2020-09-01 01:51:36.000000,2019-09-01 01:51:36.000000,5534.49,513,3
782,2023-03-09 00:53:14.000000,2021-03-09 00:53:14.000000,3382.76,360,2
784,2022-03-18 03:40:22.000000,2021-03-18 03:40:22.000000,5282.10,770,2
787,2022-05-27 06:59:19.000000,2020-05-27 06:59:19.000000,4677.57,208,4
788,2023-02-11 06:34:18.000000,2020-02-11 06:34:18.000000,7520.76,971,2
789,2024-06-21 11:19:10.000000,2022-06-21 11:19:10.000000,2228.33,310,1
812,2023-06-21 10:20:39.000000,2022-06-21 10:20:39.000000,7714.65,387,4
813,2023-10-19 18:11:05.000000,2020-10-19 18:11:05.000000,8724.92,914,1
814,2020-12-17 11:50:17.000000,2019-12-17 11:50:17.000000,581.09,963,3
815,2021-07-24 23:17:05.000000,2020-07-24 23:17:05.000000,1977.34,660,4
816,2023-07-18 00:16:14.000000,2022-07-18 00:16:14.000000,6919.77,81,2
817,2020-08-02 09:14:42.000000,2019-08-02 09:14:42.000000,6330.20,189,2
818,2025-02-18 11:08:55.000000,2022-02-18 11:08:55.000000,3227.60,620,3
819,2023-03-24 10:20:08.000000,2020-03-24 10:20:08.000000,5500.98,494,2
820,2023-12-09 08:58:05.000000,2021-12-09 08:58:05.000000,4764.37,755,2
821,2021-01-09 14:51:11.000000,2020-01-09 14:51:11.000000,8408.08,433,2
823,2024-07-27 19:13:37.000000,2021-07-27 19:13:37.000000,3514.93,960,4
824,2022-09-19 17:37:22.000000,2020-09-19 17:37:22.000000,4616.23,828,3
825,2023-10-04 17:28:38.000000,2020-10-04 17:28:38.000000,2052.36,516,2
826,2022-11-29 11:09:10.000000,2019-11-29 11:09:10.000000,3028.10,627,3
827,2023-03-13 15:14:23.000000,2021-03-13 15:14:23.000000,5705.02,842,1
828,2023-06-26 17:32:52.000000,2022-06-26 17:32:52.000000,5299.07,102,1
829,2021-11-24 04:32:50.000000,2020-11-24 04:32:50.000000,8917.41,231,3
830,2021-12-29 08:43:56.000000,2019-12-29 08:43:56.000000,3516.99,634,2
831,2024-03-17 19:17:08.000000,2021-03-17 19:17:08.000000,5148.82,710,4
832,2022-05-17 13:48:03.000000,2021-05-17 13:48:03.000000,9474.22,372,3
833,2022-03-15 17:26:58.000000,2020-03-15 17:26:58.000000,5004.69,604,3
834,2022-12-02 10:13:46.000000,2020-12-02 10:13:46.000000,8434.43,603,2
835,2023-09-03 00:22:12.000000,2020-09-03 00:22:12.000000,8120.91,845,4
836,2022-06-13 11:40:37.000000,2021-06-13 11:40:37.000000,2770.58,504,1
837,2021-09-15 16:39:50.000000,2020-09-15 16:39:50.000000,9243.47,135,4
838,2021-11-20 03:42:34.000000,2019-11-20 03:42:34.000000,380.95,520,4
839,2020-12-12 10:37:01.000000,2019-12-12 10:37:01.000000,9240.56,442,2
840,2022-06-06 11:34:36.000000,2021-06-06 11:34:36.000000,1427.45,999,1
842,2024-03-10 12:15:20.000000,2021-03-10 12:15:20.000000,8921.05,248,1
844,2023-11-29 08:47:38.000000,2021-11-29 08:47:38.000000,3201.15,85,1
845,2021-10-08 13:04:57.000000,2019-10-08 13:04:57.000000,7673.51,807,2
846,2022-01-22 05:02:07.000000,2021-01-22 05:02:07.000000,9830.97,438,2
847,2023-03-12 19:48:48.000000,2021-03-12 19:48:48.000000,4736.19,617,2
848,2025-03-06 23:23:02.000000,2022-03-06 23:23:02.000000,8050.85,99,3
849,2020-09-27 17:19:02.000000,2019-09-27 17:19:02.000000,948.33,286,2
850,2022-02-09 00:15:30.000000,2020-02-09 00:15:30.000000,2199.65,462,2
851,2024-11-08 16:19:36.000000,2021-11-08 16:19:36.000000,2140.57,460,2
853,2023-07-24 08:26:52.000000,2021-07-24 08:26:52.000000,905.14,278,3
854,2023-05-20 05:36:46.000000,2021-05-20 05:36:46.000000,5685.20,624,4
855,2023-12-12 03:40:40.000000,2020-12-12 03:40:40.000000,4559.71,229,2
856,2024-04-12 01:47:50.000000,2021-04-12 01:47:50.000000,6425.01,456,3
858,2024-01-09 14:30:34.000000,2022-01-09 14:30:34.000000,6246.52,171,1
859,2020-11-29 16:33:57.000000,2019-11-29 16:33:57.000000,8828.56,180,4
860,2022-06-12 00:10:19.000000,2020-06-12 00:10:19.000000,4554.98,105,3
861,2021-10-29 10:01:52.000000,2020-10-29 10:01:52.000000,6208.37,277,3
862,2022-10-08 02:27:54.000000,2019-10-08 02:27:54.000000,978.96,41,2
863,2022-12-01 16:42:57.000000,2021-12-01 16:42:57.000000,9980.30,204,3
864,2021-12-21 11:17:48.000000,2019-12-21 11:17:48.000000,1630.71,493,2
865,2024-05-04 05:12:10.000000,2022-05-04 05:12:10.000000,4614.01,476,4
866,2023-11-18 06:41:49.000000,2021-11-18 06:41:49.000000,5178.65,627,2
867,2021-03-07 02:32:08.000000,2020-03-07 02:32:08.000000,4773.19,533,1
870,2022-12-30 18:13:42.000000,2019-12-30 18:13:42.000000,1106.54,91,3
872,2021-08-14 22:30:31.000000,2020-08-14 22:30:31.000000,2685.61,172,3
874,2022-02-04 22:10:22.000000,2021-02-04 22:10:22.000000,2336.83,345,2
876,2023-07-20 04:05:29.000000,2022-07-20 04:05:29.000000,6093.10,94,2
877,2022-08-13 09:08:35.000000,2020-08-13 09:08:35.000000,7991.77,110,1
878,2024-05-26 15:57:25.000000,2022-05-26 15:57:25.000000,5777.21,524,4
879,2022-10-04 15:43:07.000000,2020-10-04 15:43:07.000000,9712.17,684,2
880,2022-12-14 14:46:44.000000,2020-12-14 14:46:44.000000,654.94,522,1
881,2021-03-01 01:37:24.000000,2020-03-01 01:37:24.000000,5574.88,887,2
882,2022-09-22 22:51:47.000000,2019-09-22 22:51:47.000000,1586.77,240,3
883,2022-10-02 23:44:54.000000,2021-10-02 23:44:54.000000,5202.88,194,3
884,2023-08-02 01:59:51.000000,2021-08-02 01:59:51.000000,7350.79,726,3
887,2021-02-12 20:04:13.000000,2020-02-12 20:04:13.000000,3174.59,529,1
888,2021-01-01 18:07:41.000000,2020-01-01 18:07:41.000000,2922.30,604,3
889,2023-06-21 08:45:44.000000,2020-06-21 08:45:44.000000,6491.81,741,4
890,2021-06-18 09:37:49.000000,2020-06-18 09:37:49.000000,3667.97,508,3
892,2022-06-24 14:51:51.000000,2020-06-24 14:51:51.000000,5312.51,611,3
893,2020-10-22 00:52:08.000000,2019-10-22 00:52:08.000000,3392.93,306,1
894,2021-04-13 21:43:52.000000,2020-04-13 21:43:52.000000,6251.36,295,3
895,2022-12-18 13:28:22.000000,2019-12-18 13:28:22.000000,6002.17,525,4
896,2024-12-17 02:18:25.000000,2021-12-17 02:18:25.000000,8100.60,138,3
946,2021-08-23 20:31:55.000000,2019-08-23 20:31:55.000000,7977.50,622,4
947,2021-09-05 18:26:16.000000,2020-09-05 18:26:16.000000,9861.89,911,1
950,2021-10-18 07:43:19.000000,2019-10-18 07:43:19.000000,7289.98,26,2
951,2024-05-19 05:59:04.000000,2021-05-19 05:59:04.000000,3062.37,513,3
952,2022-02-02 16:39:10.000000,2020-02-02 16:39:10.000000,4139.56,996,2
953,2022-06-05 18:56:18.000000,2021-06-05 18:56:18.000000,592.11,888,1
954,2023-02-02 08:02:52.000000,2022-02-02 08:02:52.000000,7574.54,82,1
955,2024-07-14 06:44:52.000000,2022-07-14 06:44:52.000000,6066.25,899,2
956,2024-01-27 19:03:53.000000,2022-01-27 19:03:53.000000,8443.23,181,1
957,2020-08-08 03:23:14.000000,2019-08-08 03:23:14.000000,6183.89,269,2
958,2024-12-27 17:24:52.000000,2021-12-27 17:24:52.000000,1441.74,397,2
959,2020-12-17 19:25:52.000000,2019-12-17 19:25:52.000000,8379.42,588,3
960,2023-01-30 13:17:24.000000,2020-01-30 13:17:24.000000,6645.08,1,4
961,2022-11-24 19:00:16.000000,2020-11-24 19:00:16.000000,639.95,478,3
962,2023-04-15 05:42:41.000000,2020-04-15 05:42:41.000000,7557.95,844,4
963,2024-07-03 22:07:31.000000,2021-07-03 22:07:31.000000,1954.71,273,3
964,2023-10-11 21:24:31.000000,2021-10-11 21:24:31.000000,4978.16,620,4
966,2021-02-03 02:14:21.000000,2020-02-03 02:14:21.000000,815.47,513,1
969,2021-02-11 15:46:39.000000,2020-02-11 15:46:39.000000,8138.96,637,3
970,2023-06-10 14:19:29.000000,2020-06-10 14:19:29.000000,818.50,801,2
971,2024-04-04 10:33:57.000000,2022-04-04 10:33:57.000000,2076.74,229,4
972,2023-02-20 00:51:51.000000,2020-02-20 00:51:51.000000,3923.83,141,4
973,2024-01-28 03:42:43.000000,2022-01-28 03:42:43.000000,1843.80,325,3
974,2022-07-31 01:14:15.000000,2020-07-31 01:14:15.000000,6010.93,844,3
975,2021-02-05 08:40:57.000000,2020-02-05 08:40:57.000000,207.27,95,1
976,2022-09-04 07:09:37.000000,2019-09-04 07:09:37.000000,9438.42,830,2
977,2022-08-03 09:40:19.000000,2019-08-03 09:40:19.000000,6889.24,51,4
978,2022-02-03 15:21:53.000000,2021-02-03 15:21:53.000000,9313.02,409,3
979,2024-01-14 13:48:13.000000,2021-01-14 13:48:13.000000,4114.81,330,3
980,2025-02-17 12:30:54.000000,2022-02-17 12:30:54.000000,4979.28,232,3
981,2023-05-28 19:48:47.000000,2021-05-28 19:48:47.000000,2443.01,403,4
982,2021-07-14 19:52:28.000000,2020-07-14 19:52:28.000000,1843.77,654,3
983,2024-01-16 08:07:45.000000,2022-01-16 08:07:45.000000,1343.73,530,4
984,2023-12-05 08:12:33.000000,2021-12-05 08:12:33.000000,2824.28,817,3
985,2021-12-15 04:28:49.000000,2019-12-15 04:28:49.000000,6905.94,168,3
988,2024-09-01 10:48:18.000000,2021-09-01 10:48:18.000000,1840.18,435,4
990,2024-05-01 10:39:37.000000,2022-05-01 10:39:37.000000,8616.48,8,3
991,2024-04-05 01:59:28.000000,2021-04-05 01:59:28.000000,2903.56,357,2
994,2022-11-29 23:04:42.000000,2020-11-29 23:04:42.000000,7614.69,533,1
995,2024-06-07 07:43:39.000000,2021-06-07 07:43:39.000000,1072.66,228,1
996,2022-09-21 04:36:02.000000,2020-09-21 04:36:02.000000,682.90,952,4
998,2023-05-12 23:48:18.000000,2021-05-12 23:48:18.000000,7311.20,81,4
999,2024-03-11 11:55:57.000000,2022-03-11 11:55:57.000000,8848.57,580,3
1000,2023-03-24 01:09:11.000000,2020-03-24 01:09:11.000000,8458.41,909,3
899,2021-10-04 09:18:45.000000,2019-10-04 09:18:45.000000,5973.34,660,2
901,2021-12-28 15:26:20.000000,2019-12-28 15:26:20.000000,4474.86,105,3
902,2022-12-24 09:24:09.000000,2019-12-24 09:24:09.000000,2173.87,595,3
2,2021-03-10 10:31:24.000000,2020-03-10 10:31:24.000000,6912.54,40,4
8,2025-01-03 11:02:08.000000,2022-01-03 11:02:08.000000,9609.39,141,1
9,2023-07-22 00:11:11.000000,2021-07-22 00:11:11.000000,5593.80,410,2
12,2022-08-11 02:12:12.000000,2021-08-11 02:12:12.000000,378.69,251,1
27,2022-04-17 10:20:05.000000,2021-04-17 10:20:05.000000,7831.75,847,3
28,2024-02-14 20:08:49.000000,2021-02-14 20:08:49.000000,4017.75,241,3
29,2024-10-19 16:10:47.000000,2021-10-19 16:10:47.000000,5487.21,240,4
31,2021-10-28 07:03:35.000000,2020-10-28 07:03:35.000000,4682.28,194,4
34,2024-11-02 12:19:01.000000,2021-11-02 12:19:01.000000,3875.52,189,1
35,2023-05-04 10:48:25.000000,2021-05-04 10:48:25.000000,8285.86,162,2
40,2024-11-29 10:01:09.000000,2021-11-29 10:01:09.000000,5541.55,977,1
1,2024-04-26 22:55:01.000000,2021-04-26 22:55:01.000000,9213.17,349,4
3,2021-10-17 04:45:31.000000,2020-10-17 04:45:31.000000,4268.13,400,3
4,2021-12-01 22:45:11.000000,2019-12-01 22:45:11.000000,8071.14,48,3
5,2024-07-10 19:34:38.000000,2022-07-10 19:34:38.000000,9859.88,675,4
6,2020-12-25 02:49:52.000000,2019-12-25 02:49:52.000000,5880.63,208,4
7,2022-02-02 04:42:56.000000,2020-02-02 04:42:56.000000,4508.24,544,3
10,2022-03-20 10:46:04.000000,2020-03-20 10:46:04.000000,7469.77,260,1
11,2023-07-10 20:18:40.000000,2021-07-10 20:18:40.000000,3503.82,551,3
13,2023-07-30 12:36:06.000000,2020-07-30 12:36:06.000000,8924.77,84,3
14,2021-03-09 02:50:05.000000,2020-03-09 02:50:05.000000,2633.09,309,3
15,2020-08-18 14:24:34.000000,2019-08-18 14:24:34.000000,2574.79,236,2
16,2024-06-07 19:08:13.000000,2021-06-07 19:08:13.000000,2137.70,951,2
17,2022-02-26 14:30:55.000000,2021-02-26 14:30:55.000000,8908.37,931,1
18,2024-08-05 12:10:10.000000,2021-08-05 12:10:10.000000,4726.15,204,4
19,2023-12-01 20:42:57.000000,2020-12-01 20:42:57.000000,2564.28,209,1
20,2023-10-09 02:55:27.000000,2021-10-09 02:55:27.000000,6841.11,205,2
21,2021-09-06 05:47:52.000000,2019-09-06 05:47:52.000000,8036.57,592,1
22,2022-04-17 09:28:48.000000,2020-04-17 09:28:48.000000,5077.70,570,1
23,2021-01-03 11:44:35.000000,2020-01-03 11:44:35.000000,7437.87,345,2
24,2021-08-07 11:36:00.000000,2019-08-07 11:36:00.000000,1847.63,17,4
25,2023-10-02 04:05:07.000000,2020-10-02 04:05:07.000000,6811.30,408,4
26,2023-12-15 03:57:56.000000,2021-12-15 03:57:56.000000,1429.28,922,3
30,2021-11-13 21:54:17.000000,2020-11-13 21:54:17.000000,5715.25,621,2
32,2023-07-19 00:44:45.000000,2022-07-19 00:44:45.000000,6168.47,469,4
33,2022-06-23 00:17:54.000000,2021-06-23 00:17:54.000000,2752.90,190,3
36,2023-05-20 22:52:54.000000,2020-05-20 22:52:54.000000,3689.55,112,3
37,2024-03-30 03:25:01.000000,2022-03-30 03:25:01.000000,4573.50,808,4
38,2022-09-20 12:39:56.000000,2019-09-20 12:39:56.000000,2713.37,314,3
39,2021-08-17 11:56:26.000000,2020-08-17 11:56:26.000000,8310.37,647,2
41,2023-03-09 08:30:53.000000,2020-03-09 08:30:53.000000,1918.25,723,3
43,2023-03-07 19:56:31.000000,2020-03-07 19:56:31.000000,9329.41,62,3
44,2021-03-11 13:04:50.000000,2020-03-11 13:04:50.000000,8503.01,437,4
47,2022-05-21 13:06:10.000000,2021-05-21 13:06:10.000000,2701.56,188,1
50,2023-06-29 09:31:11.000000,2021-06-29 09:31:11.000000,3218.74,407,3
51,2025-07-28 04:52:00.000000,2022-07-28 04:52:00.000000,1782.30,153,4
52,2023-04-19 11:24:34.000000,2021-04-19 11:24:34.000000,2837.91,783,1
53,2023-07-19 04:52:13.000000,2021-07-19 04:52:13.000000,757.29,893,4
54,2021-06-28 12:43:58.000000,2020-06-28 12:43:58.000000,6449.14,723,4
57,2024-09-24 16:17:52.000000,2021-09-24 16:17:52.000000,780.00,499,3
60,2023-06-04 13:56:16.000000,2020-06-04 13:56:16.000000,9827.46,524,1
61,2022-09-22 11:19:49.000000,2019-09-22 11:19:49.000000,2560.93,762,2
63,2021-11-25 16:45:39.000000,2019-11-25 16:45:39.000000,955.87,3,2
64,2022-11-09 17:32:16.000000,2021-11-09 17:32:16.000000,2148.95,823,2
65,2022-08-18 02:03:33.000000,2019-08-18 02:03:33.000000,5289.57,52,3
66,2022-04-01 18:55:27.000000,2020-04-01 18:55:27.000000,9634.41,649,2
67,2021-12-20 03:46:32.000000,2019-12-20 03:46:32.000000,7685.95,607,1
68,2023-08-13 21:21:29.000000,2020-08-13 21:21:29.000000,3406.03,719,1
69,2024-05-24 12:23:12.000000,2022-05-24 12:23:12.000000,1635.28,166,3
70,2020-08-10 08:51:50.000000,2019-08-10 08:51:50.000000,758.42,847,2
71,2020-12-19 13:48:30.000000,2019-12-19 13:48:30.000000,6173.79,580,2
72,2021-08-18 11:55:39.000000,2019-08-18 11:55:39.000000,6048.37,609,1
73,2023-01-09 04:00:07.000000,2022-01-09 04:00:07.000000,9544.23,501,4
76,2024-03-03 04:45:48.000000,2022-03-03 04:45:48.000000,1630.98,734,1
78,2022-08-19 10:14:00.000000,2019-08-19 10:14:00.000000,5831.82,499,4
79,2024-06-11 13:21:04.000000,2022-06-11 13:21:04.000000,6459.62,995,3
80,2024-02-04 20:32:57.000000,2022-02-04 20:32:57.000000,3805.23,912,3
81,2022-07-31 05:16:17.000000,2020-07-31 05:16:17.000000,8120.74,609,4
84,2022-03-12 21:43:12.000000,2021-03-12 21:43:12.000000,1030.73,493,1
85,2022-02-04 21:14:09.000000,2020-02-04 21:14:09.000000,4408.30,79,2
86,2021-09-04 23:24:58.000000,2019-09-04 23:24:58.000000,7243.99,474,2
88,2020-08-28 13:11:00.000000,2019-08-28 13:11:00.000000,4395.52,542,2
90,2021-06-30 23:10:01.000000,2020-06-30 23:10:01.000000,8025.04,776,2
91,2021-12-07 03:59:38.000000,2020-12-07 03:59:38.000000,7381.19,697,2
93,2021-10-06 18:10:17.000000,2020-10-06 18:10:17.000000,6695.21,92,1
94,2022-07-02 13:17:56.000000,2021-07-02 13:17:56.000000,1224.07,941,2
148,2020-09-02 04:05:07.000000,2019-09-02 04:05:07.000000,8659.25,953,2
149,2023-08-10 10:57:02.000000,2020-08-10 10:57:02.000000,9679.09,265,4
150,2021-09-27 23:07:50.000000,2020-09-27 23:07:50.000000,3096.93,433,4
151,2022-03-07 14:09:47.000000,2020-03-07 14:09:47.000000,5935.37,887,1
152,2024-01-27 01:08:24.000000,2022-01-27 01:08:24.000000,6202.06,309,1
153,2023-10-26 05:56:21.000000,2020-10-26 05:56:21.000000,6860.51,874,2
154,2024-06-05 10:53:51.000000,2022-06-05 10:53:51.000000,1968.82,604,4
155,2021-12-04 01:54:15.000000,2020-12-04 01:54:15.000000,1673.10,343,3
156,2022-02-23 13:26:37.000000,2020-02-23 13:26:37.000000,2323.83,653,1
158,2024-05-10 13:07:25.000000,2021-05-10 13:07:25.000000,2104.76,635,4
161,2021-12-21 05:51:33.000000,2020-12-21 05:51:33.000000,3121.45,747,4
162,2022-10-10 09:47:49.000000,2021-10-10 09:47:49.000000,179.56,84,3
163,2023-05-21 08:32:52.000000,2020-05-21 08:32:52.000000,167.65,699,1
164,2020-08-19 23:03:55.000000,2019-08-19 23:03:55.000000,5662.26,969,3
166,2022-08-03 08:52:09.000000,2020-08-03 08:52:09.000000,6753.21,683,1
167,2021-09-08 20:09:01.000000,2020-09-08 20:09:01.000000,2734.52,712,1
168,2022-07-06 18:04:34.000000,2020-07-06 18:04:34.000000,2897.97,562,1
169,2025-01-02 09:38:11.000000,2022-01-02 09:38:11.000000,956.95,464,2
170,2024-05-18 01:28:54.000000,2022-05-18 01:28:54.000000,4247.28,748,3
171,2022-09-18 20:52:11.000000,2020-09-18 20:52:11.000000,5562.09,153,2
172,2020-11-28 03:04:21.000000,2019-11-28 03:04:21.000000,1382.22,109,2
173,2022-12-22 18:22:02.000000,2020-12-22 18:22:02.000000,3854.02,645,4
255,2021-12-15 17:18:01.000000,2020-12-15 17:18:01.000000,8291.39,420,2
256,2022-05-24 00:59:14.000000,2021-05-24 00:59:14.000000,5890.93,238,4
257,2021-07-16 18:26:47.000000,2020-07-16 18:26:47.000000,2736.60,151,2
259,2021-04-02 05:11:39.000000,2020-04-02 05:11:39.000000,366.27,447,4
260,2021-10-21 14:45:15.000000,2020-10-21 14:45:15.000000,8763.00,547,1
262,2023-02-25 06:40:41.000000,2021-02-25 06:40:41.000000,1739.27,284,3
263,2022-06-08 10:10:42.000000,2020-06-08 10:10:42.000000,3334.60,148,4
264,2021-10-12 03:42:39.000000,2020-10-12 03:42:39.000000,3573.54,586,3
265,2025-02-12 07:06:58.000000,2022-02-12 07:06:58.000000,5493.72,404,4
266,2023-02-24 20:39:55.000000,2020-02-24 20:39:55.000000,7736.18,488,4
267,2023-12-16 12:44:19.000000,2020-12-16 12:44:19.000000,1141.82,499,2
268,2023-11-03 03:48:10.000000,2020-11-03 03:48:10.000000,6750.77,750,4
270,2022-06-03 14:04:02.000000,2020-06-03 14:04:02.000000,7294.44,919,4
271,2021-12-16 12:10:33.000000,2019-12-16 12:10:33.000000,429.92,547,1
272,2024-10-05 21:42:41.000000,2021-10-05 21:42:41.000000,7993.23,103,3
273,2025-01-03 01:16:28.000000,2022-01-03 01:16:28.000000,1908.37,296,4
274,2020-08-06 20:25:51.000000,2019-08-06 20:25:51.000000,2618.29,384,3
276,2023-08-05 01:16:55.000000,2021-08-05 01:16:55.000000,666.72,465,4
277,2022-09-24 13:47:16.000000,2020-09-24 13:47:16.000000,8466.17,281,4
278,2021-08-14 18:27:21.000000,2019-08-14 18:27:21.000000,225.37,220,3
279,2023-05-30 15:49:19.000000,2020-05-30 15:49:19.000000,1596.12,451,3
281,2021-02-17 18:48:12.000000,2020-02-17 18:48:12.000000,1009.66,995,1
282,2024-01-01 01:58:11.000000,2021-01-01 01:58:11.000000,4146.95,615,2
283,2023-05-22 18:47:16.000000,2020-05-22 18:47:16.000000,9110.16,907,4
284,2022-08-18 14:34:51.000000,2020-08-18 14:34:51.000000,3115.66,321,1
285,2022-06-08 02:54:55.000000,2021-06-08 02:54:55.000000,265.34,678,4
362,2021-09-22 19:42:13.000000,2019-09-22 19:42:13.000000,7471.60,725,1
363,2023-04-08 09:16:34.000000,2022-04-08 09:16:34.000000,5023.11,478,4
365,2022-04-13 16:22:42.000000,2020-04-13 16:22:42.000000,1329.45,572,1
366,2021-08-04 17:44:41.000000,2020-08-04 17:44:41.000000,1221.70,435,3
368,2022-07-10 02:09:47.000000,2021-07-10 02:09:47.000000,4033.61,571,3
370,2023-04-14 08:38:24.000000,2022-04-14 08:38:24.000000,4996.44,184,4
371,2024-02-18 14:52:29.000000,2022-02-18 14:52:29.000000,1537.26,281,1
372,2024-03-03 13:45:04.000000,2021-03-03 13:45:04.000000,3968.69,508,2
373,2023-08-20 18:23:34.000000,2020-08-20 18:23:34.000000,6307.11,253,3
374,2020-11-15 12:00:48.000000,2019-11-15 12:00:48.000000,3485.89,980,4
376,2021-12-17 20:01:22.000000,2020-12-17 20:01:22.000000,5645.32,864,4
377,2022-12-16 17:30:17.000000,2021-12-16 17:30:17.000000,7328.18,849,4
378,2022-01-28 03:00:55.000000,2021-01-28 03:00:55.000000,2110.35,339,2
379,2022-04-26 07:16:32.000000,2021-04-26 07:16:32.000000,4872.70,694,1
380,2024-04-16 18:59:10.000000,2022-04-16 18:59:10.000000,2183.09,92,3
382,2023-07-09 08:58:50.000000,2020-07-09 08:58:50.000000,3066.48,686,1
383,2023-04-02 20:18:35.000000,2020-04-02 20:18:35.000000,2953.31,318,3
384,2023-04-30 15:56:38.000000,2020-04-30 15:56:38.000000,5876.97,553,2
385,2023-02-07 05:37:58.000000,2022-02-07 05:37:58.000000,5992.14,172,3
386,2023-11-25 09:51:14.000000,2021-11-25 09:51:14.000000,7093.40,204,2
387,2022-06-21 17:30:10.000000,2020-06-21 17:30:10.000000,7934.92,353,3
388,2021-08-02 17:54:03.000000,2019-08-02 17:54:03.000000,940.47,820,2
391,2022-03-07 08:09:39.000000,2020-03-07 08:09:39.000000,2241.53,411,4
392,2023-02-16 16:17:17.000000,2021-02-16 16:17:17.000000,5054.26,994,3
394,2023-10-26 20:24:43.000000,2021-10-26 20:24:43.000000,8189.79,912,1
469,2024-04-11 07:51:08.000000,2021-04-11 07:51:08.000000,2944.15,359,4
470,2022-08-02 03:53:25.000000,2019-08-02 03:53:25.000000,8644.55,656,4
471,2021-02-06 10:54:37.000000,2020-02-06 10:54:37.000000,8337.70,107,2
472,2021-10-31 11:33:29.000000,2019-10-31 11:33:29.000000,6446.52,491,4
473,2022-08-17 14:45:24.000000,2021-08-17 14:45:24.000000,9207.83,660,4
474,2023-04-01 20:05:36.000000,2021-04-01 20:05:36.000000,9035.74,817,1
475,2024-03-04 19:30:20.000000,2021-03-04 19:30:20.000000,7125.39,311,4
476,2023-02-09 13:30:27.000000,2020-02-09 13:30:27.000000,1770.88,341,1
478,2022-08-31 17:29:49.000000,2020-08-31 17:29:49.000000,5328.63,216,4
479,2021-09-12 07:33:17.000000,2019-09-12 07:33:17.000000,6786.18,819,1
482,2025-03-27 07:51:21.000000,2022-03-27 07:51:21.000000,5185.82,558,4
483,2022-08-27 15:07:34.000000,2019-08-27 15:07:34.000000,9193.05,447,4
485,2025-05-15 07:17:02.000000,2022-05-15 07:17:02.000000,3993.99,378,2
486,2022-12-01 23:49:50.000000,2021-12-01 23:49:50.000000,6393.50,934,1
488,2020-11-01 21:15:55.000000,2019-11-01 21:15:55.000000,8478.70,607,3
489,2022-10-30 22:49:30.000000,2020-10-30 22:49:30.000000,5674.65,394,4
490,2023-01-25 10:08:26.000000,2022-01-25 10:08:26.000000,2106.81,851,4
491,2024-11-18 11:54:24.000000,2021-11-18 11:54:24.000000,9103.77,615,2
492,2023-08-09 14:43:28.000000,2020-08-09 14:43:28.000000,9118.82,666,4
493,2022-10-26 07:47:01.000000,2021-10-26 07:47:01.000000,9810.03,153,2
494,2023-02-02 09:36:30.000000,2021-02-02 09:36:30.000000,6451.86,59,3
496,2024-06-13 06:08:06.000000,2021-06-13 06:08:06.000000,4804.47,825,1
497,2022-07-07 23:32:00.000000,2021-07-07 23:32:00.000000,5553.44,854,1
498,2022-09-05 03:49:43.000000,2021-09-05 03:49:43.000000,5108.93,199,3
499,2024-02-14 09:09:45.000000,2021-02-14 09:09:45.000000,2293.62,925,2
576,2024-12-05 12:48:50.000000,2021-12-05 12:48:50.000000,8128.82,432,3
577,2022-01-23 21:44:06.000000,2021-01-23 21:44:06.000000,5189.36,322,1
581,2023-03-10 19:11:47.000000,2022-03-10 19:11:47.000000,4639.64,923,2
582,2023-04-21 04:29:28.000000,2021-04-21 04:29:28.000000,8439.97,71,2
584,2020-10-09 06:15:10.000000,2019-10-09 06:15:10.000000,2259.49,280,1
586,2024-06-28 21:33:47.000000,2021-06-28 21:33:47.000000,7129.38,718,2
587,2024-04-17 09:43:17.000000,2022-04-17 09:43:17.000000,2998.50,4,4
588,2021-12-04 16:40:36.000000,2020-12-04 16:40:36.000000,7901.17,839,3
589,2024-07-05 11:29:50.000000,2021-07-05 11:29:50.000000,5571.48,129,4
590,2022-12-29 15:02:20.000000,2021-12-29 15:02:20.000000,624.89,52,2
591,2025-02-26 13:14:41.000000,2022-02-26 13:14:41.000000,5051.09,875,2
593,2022-06-09 13:34:46.000000,2020-06-09 13:34:46.000000,1663.26,456,1
594,2020-11-01 14:44:05.000000,2019-11-01 14:44:05.000000,103.96,650,3
596,2020-09-19 20:19:03.000000,2019-09-19 20:19:03.000000,6138.87,752,2
597,2023-04-21 07:40:25.000000,2020-04-21 07:40:25.000000,9980.33,434,4
598,2021-07-19 18:00:57.000000,2020-07-19 18:00:57.000000,3514.25,337,2
599,2023-02-03 01:29:52.000000,2021-02-03 01:29:52.000000,9171.96,609,1
600,2024-02-27 16:48:46.000000,2022-02-27 16:48:46.000000,9361.28,180,3
601,2023-06-12 13:04:07.000000,2022-06-12 13:04:07.000000,2805.22,982,4
602,2024-06-29 10:43:42.000000,2022-06-29 10:43:42.000000,7146.50,51,1
603,2024-11-04 01:41:20.000000,2021-11-04 01:41:20.000000,5264.09,956,3
604,2020-12-12 21:06:12.000000,2019-12-12 21:06:12.000000,1285.28,897,2
605,2022-08-16 05:04:44.000000,2020-08-16 05:04:44.000000,626.91,749,4
684,2022-02-16 01:47:29.000000,2020-02-16 01:47:29.000000,7629.02,153,4
685,2020-12-31 01:12:30.000000,2019-12-31 01:12:30.000000,3364.10,512,2
689,2023-07-22 15:08:10.000000,2022-07-22 15:08:10.000000,7713.67,791,3
690,2023-01-09 22:39:46.000000,2020-01-09 22:39:46.000000,2596.48,376,4
691,2021-05-02 13:29:57.000000,2020-05-02 13:29:57.000000,4187.30,164,2
692,2021-09-13 17:50:55.000000,2020-09-13 17:50:55.000000,3009.57,471,3
694,2023-04-24 12:51:10.000000,2021-04-24 12:51:10.000000,9630.65,650,4
696,2022-01-26 03:24:32.000000,2020-01-26 03:24:32.000000,5563.94,201,4
697,2021-04-21 23:50:06.000000,2020-04-21 23:50:06.000000,748.28,149,2
698,2024-03-15 06:51:19.000000,2021-03-15 06:51:19.000000,9307.45,617,4
699,2021-08-29 09:57:50.000000,2020-08-29 09:57:50.000000,6716.84,706,2
700,2020-10-12 05:03:27.000000,2019-10-12 05:03:27.000000,215.30,138,3
701,2024-02-21 07:03:27.000000,2021-02-21 07:03:27.000000,4430.00,745,1
702,2023-07-26 10:28:18.000000,2021-07-26 10:28:18.000000,9258.88,554,2
703,2022-03-16 23:36:36.000000,2021-03-16 23:36:36.000000,9583.04,242,3
704,2023-06-03 09:22:01.000000,2021-06-03 09:22:01.000000,959.10,733,1
707,2024-01-31 10:28:28.000000,2021-01-31 10:28:28.000000,2456.83,122,1
708,2022-09-04 10:39:00.000000,2019-09-04 10:39:00.000000,8760.91,550,1
709,2021-09-01 13:41:29.000000,2020-09-01 13:41:29.000000,138.68,777,4
711,2023-04-15 22:16:25.000000,2021-04-15 22:16:25.000000,8347.80,201,1
712,2023-02-18 08:00:34.000000,2020-02-18 08:00:34.000000,7005.23,806,3
713,2022-09-01 02:04:18.000000,2019-09-01 02:04:18.000000,2732.94,303,4
715,2022-01-17 17:39:14.000000,2020-01-17 17:39:14.000000,7645.78,354,2
716,2022-04-21 21:59:45.000000,2020-04-21 21:59:45.000000,5719.05,443,3
717,2024-04-17 03:03:09.000000,2021-04-17 03:03:09.000000,7368.74,795,1
718,2023-01-24 10:11:28.000000,2022-01-24 10:11:28.000000,3963.22,596,1
719,2022-09-09 13:28:49.000000,2019-09-09 13:28:49.000000,5587.31,124,1
721,2023-04-24 21:18:05.000000,2022-04-24 21:18:05.000000,2122.88,539,2
722,2022-11-25 06:05:27.000000,2019-11-25 06:05:27.000000,5247.04,282,1
723,2022-08-16 00:43:21.000000,2021-08-16 00:43:21.000000,4815.45,184,4
724,2023-04-13 04:36:27.000000,2022-04-13 04:36:27.000000,2360.25,757,3
725,2023-07-23 05:22:15.000000,2020-07-23 05:22:15.000000,1618.09,433,1
790,2023-12-08 12:22:51.000000,2021-12-08 12:22:51.000000,6173.48,476,2
791,2022-05-08 18:51:35.000000,2021-05-08 18:51:35.000000,7644.61,239,3
792,2024-03-30 00:23:10.000000,2021-03-30 00:23:10.000000,8133.77,18,4
793,2021-01-09 04:11:43.000000,2020-01-09 04:11:43.000000,9073.17,869,4
794,2025-05-23 16:33:28.000000,2022-05-23 16:33:28.000000,7371.98,338,2
795,2022-06-28 04:58:58.000000,2021-06-28 04:58:58.000000,730.36,342,4
796,2023-12-14 04:57:50.000000,2020-12-14 04:57:50.000000,7385.73,43,2
797,2023-03-10 04:12:33.000000,2020-03-10 04:12:33.000000,2117.33,575,1
798,2023-03-15 04:00:16.000000,2022-03-15 04:00:16.000000,9730.05,98,1
799,2023-05-24 22:47:17.000000,2021-05-24 22:47:17.000000,2756.67,286,2
802,2023-05-02 05:19:57.000000,2020-05-02 05:19:57.000000,6516.88,599,3
803,2023-04-13 23:32:35.000000,2022-04-13 23:32:35.000000,1683.71,581,2
804,2024-01-09 08:35:46.000000,2021-01-09 08:35:46.000000,6205.56,971,3
807,2022-12-29 19:58:55.000000,2020-12-29 19:58:55.000000,6633.66,405,4
809,2021-08-21 10:50:45.000000,2019-08-21 10:50:45.000000,353.71,56,3
810,2023-05-21 09:52:51.000000,2021-05-21 09:52:51.000000,1439.18,394,3
811,2025-07-25 03:38:34.000000,2022-07-25 03:38:34.000000,5877.52,673,2
897,2024-07-10 22:23:42.000000,2022-07-10 22:23:42.000000,1532.93,288,2
898,2022-10-10 08:30:18.000000,2019-10-10 08:30:18.000000,9697.11,858,1
900,2023-02-09 08:35:16.000000,2020-02-09 08:35:16.000000,8845.54,797,1
904,2024-09-29 13:13:20.000000,2021-09-29 13:13:20.000000,7009.49,604,3
905,2021-08-01 10:59:07.000000,2020-08-01 10:59:07.000000,7540.45,434,3
906,2023-04-26 15:36:55.000000,2022-04-26 15:36:55.000000,5120.07,83,4
907,2023-09-04 12:37:14.000000,2021-09-04 12:37:14.000000,8086.94,603,2
909,2021-03-13 15:30:35.000000,2020-03-13 15:30:35.000000,1612.24,300,4
910,2021-09-04 10:02:55.000000,2019-09-04 10:02:55.000000,9738.65,919,4
912,2021-01-29 14:58:38.000000,2020-01-29 14:58:38.000000,2803.47,560,4
913,2024-06-21 13:42:50.000000,2021-06-21 13:42:50.000000,7054.31,154,2
914,2021-11-13 16:32:23.000000,2019-11-13 16:32:23.000000,7319.70,527,4
915,2022-07-22 14:55:50.000000,2021-07-22 14:55:50.000000,3655.44,715,2
916,2022-09-11 23:23:28.000000,2021-09-11 23:23:28.000000,6030.21,298,3
919,2024-10-02 06:08:50.000000,2021-10-02 06:08:50.000000,8988.83,649,2
921,2022-01-22 14:33:47.000000,2021-01-22 14:33:47.000000,3895.41,78,3
924,2023-09-12 15:35:18.000000,2020-09-12 15:35:18.000000,2245.73,1000,1
926,2020-10-12 10:06:37.000000,2019-10-12 10:06:37.000000,5678.34,280,4
927,2023-02-03 19:49:55.000000,2020-02-03 19:49:55.000000,6799.54,762,3
928,2022-11-24 00:26:49.000000,2020-11-24 00:26:49.000000,8464.19,990,3
929,2023-12-27 06:17:45.000000,2020-12-27 06:17:45.000000,1675.20,52,3
930,2024-02-24 14:21:17.000000,2022-02-24 14:21:17.000000,7161.14,114,4
932,2021-08-25 06:41:22.000000,2020-08-25 06:41:22.000000,459.72,265,3
938,2021-05-04 21:54:47.000000,2020-05-04 21:54:47.000000,2914.04,965,4
940,2023-03-11 21:46:15.000000,2020-03-11 21:46:15.000000,4649.10,660,3
941,2022-05-28 14:52:29.000000,2020-05-28 14:52:29.000000,2904.87,404,3
943,2023-04-03 22:08:12.000000,2021-04-03 22:08:12.000000,2773.89,847,2
944,2023-02-16 13:04:10.000000,2022-02-16 13:04:10.000000,8654.13,580,3
945,2024-05-03 22:11:57.000000,2021-05-03 22:11:57.000000,7153.93,385,2
